First Name,Similar First Names
munil,Minalee,Manali,Minali,Meenal,manali
RAKESH,Rakesh,rakesh
kriti,Krati,Kriti,krati
mridula,Mridula,Mridul,MRIDULA
sonalee,sunil,Sunil,SUNIL,Suneel,sonal,Sonal,Sonali
ANKITA,ANIKET,ankita,Ankita,anikita,Aniket,ANKIT,aniket,Ankit,ankit
neetu,NEETU,Neetu,Nitu,Neeta
Tapsi,Tapas
Mohit,mohit,MOHIT
swati,sweta,Sweta,SWATI,Swati
Rakesh,RAKESH,rakesh
Tanmay,Tanmaay
anuj,anju,Anju,Anuj,ANUJ
Pratibha,pratibha
shashwat,Shashwat
Rupesh,rupesh,RUPESH
Ravina,Raveena
BRIJESH,Brajesh,Brijesh
megha,Megha
Samridhi,Samrudhi,Smridhi
Saurav,SAURAV,sourav,saurav,Sourav
Bharti,Bharat,Bharati,BHARAT
Seraj,siraj,saroj,Saroj,suraj,Suraj,srija,SURAJ,Sreeja
Arti,Arati,arti
Vinesh,Veenesh
Manindra,Maninder,Manendra,maninder
Raj,Reeju,raju,Raja,Raju,raj,RAJ,RAJA
Saravana,Sravan,Sravani
Deependra,Dipender,deependra
Lavi,Love,love,Luv
PARAG,Parag
Divye,Divya,DIVYA,divya
Taruna,tarun,TARUN,Tarini,Taran,Tarun
saurabh,sourabh,Sourabh,Sorabh,SOURABH,Saurabh
MD,Md
shalini,Shalini
gitanjali,Geetanjali
CHANDRASEKHAR,Chandrasekhar
Raushan,Roshani,roshni,Rishin,Roshini,Reshni,ROSHNI,Roshan,Roshni
Ojas,ojas
Humera,Humaira
Gk,Gc
Girdhar,GIRDHARI
Lubna,Lubana
vipin,Vipin
NEETU,neetu,Neetu,Nitu,Neeta
Krishn,Krishan,Krishna,krishna
HIMANSHU,Himanshi,himanshi,himanshu,Himanshu
Chandana,Chandan,Chandani,Chandni,CHANDAN
Arjit,arijit,Arijit
ayush,Ayussh,Ayush
Simarjeet,Samarjit
Kundan,kundan
deepti,Deepti,Dipti
Jatin,Jiten,jatin,Jitin
Syeda,SYED,Syed,syeda
alisha,Alisha
Ali,Alia
Divya,Divye,DIVYA,divya
PREETI,parita,preeti,Priti,priti,Preeti,Pritee
Arnab,arnab
Aashini,Aashna
Reeju,Raj,raju,Raja,Raju,raj,RAJ,RAJA
MANDEEP,Mondip,mandeep,Mandeep
Zeenia,Zaina,Zion
Fatima,Fatema,Fatimah
lakesh,Lokesh,LAKSH,LOKESH,lokesh
gajendra,Gajendra
Shriya,shreya,Shreya,sharayu,Shreyaa,Shreeya,shareya,Sharayu
Mamata,mamta,Moumita,Mamta,MAMTA
Rohita,rahat,rohit,ROHIT,Rohit
Shilpi,Shilpa,SHILPA,shilpa
Pratik,PRATIK,Prateek,prateek
Sireesha,sireesha
Pushap,pushpa,Pushpa
KRATIKA,krutika,Kratika,kritika,Kritika
CK,CA,Caio
sweta,swati,Sweta,SWATI,Swati
PAVAN,Pavani,pavan,Paavni,Pavan,PAVANI
Pavani,PAVAN,pavan,Paavni,Pavan,PAVANI
Karthick,Karthika,karthika,Karthik
Avinash,avinash,AVINASH,Avanish
SAURAV,Saurav,sourav,saurav,Sourav
Mohammad,Mohammed,MOHAMMED,Muhammed,muhammed,mohammed,mohammad,Muhammad
Chanchal,chanchal
Prabhat,PRABHAT
ANIKET,ANKITA,ankita,Ankita,anikita,Aniket,ANKIT,aniket,Ankit,ankit
ABHISHEK,Abhishek,abhishek
sreeharsha,Sriharsha
Ayan,Ayon
Anshuman,ANSHUMAN
Nitesh,Nitish,Neetish,NITISH,Neetesh,Niteesh,NITESH
Pardeep,pardeep,PARDEEP
yamini,Yamini
Dheeraj,DHEERAJ,DHIRAJ,Dhiraj,dheeraj
AJinkya,Ajinkya
Hena,Heena,hina
ANINDO,anand,Anand
DIVYA,Divye,Divya,divya
KARTIK,Kirtika,Kartik
harendra,Harendra,Harinder
Saumya,Somya,somya,Soumya,saumya,SOUMYA,Samya,Sumaiya
adutiya,aditya,Aditya,ADITYA
shreya,Shriya,Shreya,sharayu,Shreyaa,Shreeya,shareya,Sharayu
Adarsh,ADARSH
rupali,Rupali,Rupal,Ripal
NISHIKANT,Nishikant
Bhaskar,BHASKAR
Roshani,Raushan,roshni,Rishin,Roshini,Reshni,ROSHNI,Roshan,Roshni
VIVEK,Vivek,vivek
Krati,kriti,Kriti,krati
ashok,Ashok,ASHOK,Aishik
Gourav,GOURAV,Gaurav,gaurav,Goaurav,GAURAV
kundan,Kundan
SRIKANT,Srikant
Reenu,Raina,Rana,Runa,rini,Renu,renu,Rinu,Rani,Reena,Rini
Shalu,Shaili,shalu,Shailee,Shallu,Sheelu
GOURAV,Gourav,Gaurav,gaurav,Goaurav,GAURAV
Milena,Milan
Geetika,Gitika
Kirtika,KARTIK,Kartik
Chandan,Chandana,Chandani,Chandni,CHANDAN
Roopa,Roop
mamta,Mamata,Moumita,Mamta,MAMTA
Ritika,Retik,Ritik,Reetik
Neerja,NEERAJ,Niraj,NIRAJ,Neeraj
Jasmine,Jasmin
Chinmaya,Chinmayi
Raina,Reenu,Rana,Runa,rini,Renu,renu,Rinu,Rani,Reena,Rini
Pintu,puneet,Puneet,punit,Punit,Punita
Dhruv,Dhruva
KISHAN,kishan,Kishan
Shashwat,shashwat
lakshmi,Lakshmi
Somya,Saumya,somya,Soumya,saumya,SOUMYA,Samya,Sumaiya
Sayoni,Sayon,Sayan,Sayonee
Yogita,yogita
Gautam,GAUTAMI,gautam,Goutam
Rajendra,RAJENDRA,rajendra,Rajinder,Rajender
shruti,Shruti
Lokesh,lakesh,LAKSH,LOKESH,lokesh
Mansi,Manas,Manasi
Noemia,Namo
Sarita,SURTI,sarita,Seerat,Sruti
Devendra,Devender,DEVENDRA,DEVINDER
ADNAN,Adnan
Ashim,Ashima,asheem
Lalita,lalit,LALIT,Lalit
Farhan,Farheen
utkarsh,Utkarsh
SUMI,Saima,seema,Soma,Soumi,Sam,Seema,simmi
Ayussh,ayush,Ayush
Siva,siva
Paarth,PARTHA,Parth
Sancheet,Sanchita,sanchita,Sanchit
pavan,PAVAN,Pavani,Paavni,Pavan,PAVANI
DD,D
Shekher,shekhar,shikhar,Shikhar,Shekhar
HEMANT KUMAR,Hemant kumar
Bala,Balu,BL
Neetu,neetu,NEETU,Nitu,Neeta
Avijit,Avijeet
Grishma,Greeshma
Nitish,Nitesh,Neetish,NITISH,Neetesh,Niteesh,NITESH
Gaurav,Gourav,GOURAV,gaurav,Goaurav,GAURAV
pranjal,Pranjal,pranjul,Pranjala,Pranjul
Abanish,Abinash
ANU,Ann,Anu,annu,Annu
SUJAN,SUJIN,SAJNA,Sajina,Sajin,Sajjan
anoop,Anup,Anoop,ANOOP
Samra,Sameer,Sameera,sameer,Sumer,Samieraa
Mouli,Mool,Mauli,Mili
sudeepti,sudipt
praveen,PRAVIN,Pravin,Praveen
Diwakar,diwakar
aryan,Aryan
Sangeeta,SANGEETA,Sangeet,sangeeta
MEHAK,Mahika,Mehak,Mahak,Mehek
Shikha,Shakha,shikha
Satya,satya
Monika,Manica,MONIKA,Minkoo,MOUNIKA,Mounika,monika,menaka,monicka,Mainak,monica,Manika,Monica
Samman,somani,Somani,Suman,Samin,Sameena,SOUMINI,suman
SHIVAM,shivam,Shivam,Shivaam
Balu,Bala,BL
Bhupesh,bhupesh
Swapnil,SWAPNIL
Surabhi,Surbhi,surabhi,surbhi
Jessica,Jasica,Jassica
laxman,Laxman
ravi,Ravi,RAVI
Saima,SUMI,seema,Soma,Soumi,Sam,Seema,simmi
shivangi,Shivangi
RAJNISH,Rajneesh,Rajnish
srivatsa,Srivatsa
rahat,Rohita,rohit,ROHIT,Rohit
kusam,kusum,Kusuma
Brajesh,BRIJESH,Brijesh
shirisha,Shireesha
SURTI,Sarita,sarita,Seerat
Samta,Sumeet,sumita,Sumat,Sumit,SUMIT,sumit,Sumita
Fatema,Fatima,Fatimah
Shivansh,Shivanshi,Shivanshu
Hebu,Hiba
Asmita,asmita
bhagyashree,Bhagyashree
Mahika,MEHAK,Mehak,Mahak,Mehek
Viral,Virali
Anannya,Ananya
mayank,MAYANK,Mayank
Hukma,Hukam
Kamal,kamal,Komal,komal,Komala
Shubh,Shoaib,SHABEEH,Sheeba
Aviral,aviral,AVIRAL
anurag,ANURAG,Anurag
kashish,Kashish
Minalee,munil,Manali,Minali,Meenal,manali
Himanshi,HIMANSHU,himanshi,himanshu,Himanshu
mahima,Mahima
prakash,PRAKASH,Prakash
Shaili,Shalu,shalu,Shailee,Shallu,Sheelu
konda,KANDA,Konda
Om,OM,Omi
Aarushi,AARUSHI
Maninder,Manindra,Manendra,maninder
RACHIT,Rachit,Rachita,Ruchita
MUKESH,Mukesh,mukesh
Chandani,Chandana,Chandan,Chandni,CHANDAN
jagat,Jagat
SATENDRA,Satender,Satendra,satendra
SHARMILA,Sharmila
Vijendra,vijendra
Divashu,Divisha
harshit,Harshita,harshita,Harshit
Amol,Amalu,Amal
Hemant kumar,HEMANT KUMAR
aishwarya,Aishwarya
Sreenivas,Srinivas
Shiva,Shivi,Shiv,shiv
Ashish,Asheesh,ashish,ASHISH
Apurv,Apoorve,apurva,Apoorv,Apoorva,Appoorve,Apurva
shivam,SHIVAM,Shivam,Shivaam
bhavani,Bhuvan,Bhavin,Bhavana,Bhuvana
vijendra,Vijendra
Navneeta,Navneet
Shourya,sharayu,Shorya,shareya,Sharayu
ashutosh,Ashutosh,ASHUTOSH
SUJIN,SUJAN,SAJNA,Sajina,Sajin,Sajjan
siddhant,Sidhant,Siddhant
Arati,Arti,arti
Deepanshu,Deepansh
Sidhant,siddhant,Siddhant
Nehal,Nihal
Dushyant,dushyant
Banti,Binita,Binati
dushyant,Dushyant
Shilpa,Shilpi,SHILPA,shilpa
Sneha,sneha
Sudarshan,SUDARSHAN
Taniya,Tanya,tanya
AJIT,Ajit,Ajeet,ajit
Chaitanya,CHATANYA
Radha,Riddhi,Ridhi,Radhe
Bhavuk,Bhavik,Bhavika
Nihal,Nehal
sanjana,Sanjana,Sanjna
Sumitra,Soumitra
Rishika,Rashika,RISHIKA
abhishek kumar,Abhishek Kumar
Balaram,Balram
avdhesh,Avdhesh,Avadhesh
Muskaan,Muskan
Kalam,kalam
Navin,NAVEEN,Naveen
Chinmay,Chinmoy
Vidhya,Vidya
Gargi,Gargee
Venkat,Venkata
Akanksha,akanksha
Abhijeet,Abhijit
sachin,SACHIN,Sachin
Sriram,sriram,Sreerama
Shoaib,Shubh,SHABEEH,Sheeba
Siji,Sijo,Suja
somya,Saumya,Somya,Soumya,saumya,SOUMYA,Samya,Sumaiya
kavita,Kavita
eka,Eko
Mannu,MANI,MONU,Monu,Minnie,mannu,meenu,monu,Mona,mann,Manu,Meenu,MANU,Mani,Meena,muin,manu
PRABHAT,Prabhat
AAKASH,Aakash
Ashutosh Kumar,ASHUTOSH KUMAR
Gc,Gk
arnab,Arnab
Nirdesh,Nirdosh
Pushkar,pushkar
SAGAR,Sagar,sagar
prince,Prince
Roman,Raman,Rumana,Ramana,Rumani
kishan,KISHAN,Kishan
LAKSH,lakesh,Lokesh,LOKESH,lokesh
Soniya,Sanya
MAYANK,mayank,Mayank
Ann,ANU,Annie,Anu,annu,Annu
Aakriti,AAKRITI
SURENDRA,Surender,Surendar,Surendra,surendra
Deep,Dipa,Deepa,deepa,DIPA
chetna,CHETAN,Chetan,Chetna,chetan,Chetana
Asheesh,Ashish,ashish,ASHISH
Venkatesh,Venktesh
Ankur,ankur
Nishita,Nishat,Nishit
ARVINDRA,Arvinder
poonam,Poonam
PRAVIN,praveen,Pravin,Praveen
shalu,Shalu,Shaili,Shailee,Shallu,Sheelu
Nishat,Nishita,Nishit
Jui,joao,J,jai,Jai,Joe,Jeh
jyoti,Jyoti,Joyati
Kushagra,Kushagr
Vinay,VINAY,vinay,Vinny
Keerthi,Karthi
Kajal,kajal
Anuradha,Aniruddha
Shivi,Shiva,Shiv,shiv
tarun,Taruna,TARUN,Tarini,Taran,Tarun
Dikesh,Daksh
Abhik,ABHIK
Hitesh,hitesh
mukul,Mukul
preetam,Pratima,Preetam,Pritam
Harshita,harshit,harshita,Harshit
mahendra,Mohinder,Mahendra
Poonam,poonam
Vinai,Veena,Vani,vanni,Vini,Veni
Vighnesh,Vignesh
Tanmaay,Tanmay
Kamlesh,kamlesh
avinash,Avinash,AVINASH,Avanish
kanchan,Kanchan
danish,DANISH,Dinesh,dinesh,Danish
Pranay,Prannoy
Anngad,Angad
siraj,Seraj,saroj,Saroj,suraj,Suraj,srija,SURAJ,Sreeja
Nandan,nandini,Nandini
shayam,Shyam,shyam
Sajal,SAJAL,SUJALA,Sejal
masoom,Masoom,Mausam
nan,Naina,Nani,Neena
kaushal,Kushal,Kaushal
kalam,Kalam
raju,Raj,Reeju,Raja,Raju,raj,RAJ,RAJA
Kriti,kriti,Krati,krati
Alpana,Alpna,Alapan
Kaustubh,kastubh,kaustubh
Reshma,rashmi,Resham,Reshmi,Rashmi,RASHMI
NISHATH,Nishtha,Nishith
Mehak,MEHAK,Mahika,Mahak,Mehek
Parv,Poorva,Purva
Srobona,Srabani,Sraboni
Mohammed,Mohammad,MOHAMMED,Muhammed,muhammed,mohammed,mohammad,Muhammad
Apoorve,Apurv,apurva,Apoorv,Apoorva,Appoorve,Apurva
Manica,Monika,MONIKA,MOUNIKA,Mounika,monika,menaka,monicka,Mainak,monica,Manika,Monica
rahul,RAHUL,Rahul
Vignesh,Vighnesh
usha,Usha
parita,PREETI,preeti,Priti,priti,Preeti
Garvita,Garvit
PRAKASH,prakash,Prakash
kalpana,Kalpana
DHEERAJ,Dheeraj,DHIRAJ,Dhiraj,dheeraj
deepak,deepika,Deepak,Dipak,Dipika,Deepika,DEEPAK
Annie,Ann,annu,Annu,Any
Manali,munil,Minalee,Minali,Meenal,manali
Sheena,Shanu,Sheen,Shani
anju,anuj,Anju,Anuj,ANUJ,Anjju
Khushi,khushi
Anup,anoop,Anoop,ANOOP
Athira,Athar
Abha,abha,abhi,Abhi
Siddhesh,Sudheesh
Rajan,Rajni,Rajani,rajan
Govind,Govinda,govind,GOVIND
harshita,harshit,Harshita,Harshit
Dr Tarun,Dr Taruna
Nikita,NIKITA,nikita
Sanjay,sanjay,SANJAY
ehshan,Ehshan
diksha,Deeksha,Daksha,Daksh,Diksha,DEEKSHA
Heena,Hena,hina
ankita,ANKITA,ANIKET,Ankita,anikita,Aniket,ANKIT,aniket,Ankit,ankit
Dipali,Deepali
Rishi,Rashi,Reshu,Rishu,Rusha
Riza,Razia,Rosi
Sheoran,Sharan
Bhushna,Bhushan
Raveena,Ravina
sakshi,Sakshi,siksha,SAKSHI,Sakshee
Poorva,Parv,Purva
preeti,PREETI,parita,Priti,priti,Preeti,Pritee
Romil,Ramila,Rommel
Anju,anuj,anju,Anuj,ANUJ,Anjju
PIYUSH,Piyush,Peeyush,Peyush,piyush
subhash,Subhash
Akash,akash
NIMISH,NIMESH
Deepansh,Deepanshu
UDIT,Uditi,Udit
Sandip,SANDIP,sandeep,SANDEEP,Sandeep
Yashi,Yeshu,Yashu
Kumar,KUMAR,kumar,Kumari,KUMARI
Yeshu,Yashi,Yashu
astha,Astha
Garvit,Garvita
Sahana,Sohan,Suhani,Sahina,sohan
Jagat,jagat
SOMENATH,sumanth,Sumanth
Shafi,Shaffi,siaf,Shaifa
prem,PREM,PRIME,Prem
Akshat,akshata,Akshita,akshita,akshit,AKSHAT,Akshit
Supriya,SUPRIYA
MANI,Mannu,MONU,Monu,mannu,meenu,monu,Mona,Manie,mann,Manu,Meenu,MANU,Mani,Meena,muin,manu
anamika,ANAMIKA,Anamika
vaibhav,Vaibhav,Vaibhavi,vibhav,Vibhav
Dalip,Dilip
Masoom,masoom,Mausam
Koushik,Kaushik,Koushiki
Raunak,Rinki,Rounak
DANISH,danish,Dinesh,dinesh,Danish
KAPIL,kapil,Kapil
MONU,Mannu,MANI,Monu,mannu,meenu,monu,Mona,Manie,mann,Manu,Meenu,MANU,Mani,Meena,muin,manu
Pulkit,pulkit
Deepali,Dipali
Kishor,kishor,Kishore,Kishori
akshata,Akshat,Akshita,akshita,akshit,AKSHAT,Akshit
Prachi,Prachee,prachi,PRACHI
Keerti,kirti,Kirti
Balram,Balaram
pramod,PRAMOD,Pramod
Binita,Banti,Binati
harsha,HARISH,Harish,HARSH,Harsh,harsh,Harsha
PRASAD,Prasad
vikash,Vikesh,VIKASH,Vikash
sanket,SANKET,sankait,Sanket
Monu,Mannu,MANI,MONU,mannu,meenu,monu,Mona,Manie,mann,Manu,Meenu,MANU,Mani,Meena,muin,manu
chanchal,Chanchal
Rutuja,RUTUJA
sonia,sonu,Sonu,seenu,Sania,Sinu,Soni,Sonia,Sunnia
Sushil,Susheel,sushil,sushila
Gajendra,gajendra
Binati,Banti,Binita
Shailendra,shailendra,Shailender
PREM,prem,PRIME,Prem
Trupti,Tripti
R,Ria
Hema,Hemu,Hem
Charru,Charu,charu
Mohan,mohini,Maheena,mohan,MOHAN,Mohini
Kashish,kashish
SITA,Setu
imran,Imran
Akhtar,akhtar
kamal,Kamal,Komal,komal,Komala
Manas,Mansi,Mahnaz
Rachit,RACHIT,Rachita,Ruchita
Neelu,neelu,Neel
lalit,Lalita,LALIT,Lalit
Love,Lavi,love,Luv
Avni,Avani
Namo,Noemia
anshul,Anshul,ANSHUL,Anshula
mohit,Mohit,MOHIT
anjali,ANJALI,Anjali,Anjal
SYED,Syeda,Syed,syeda
Manoj kumar,Manoj Kumar
Shruti,shruti
Hiba,Hebu
saroj,Seraj,siraj,Saroj,suraj,Suraj,srija,SURAJ,Sreeja
Rizwan,rizwan
Yashwant,yashwant
Vishali,vishal,Vishal,VISHAL,Vaishali,VAISHALI
Shireesha,shirisha
Subhasish,SUBHASISH
S K,S  K
Tony,Tanay
Arvinder,ARVINDRA
pushpendra,Pushpendra
Amir,Ameer,Ammar,Amar,Ahmar
Munesh,maneesh,Manish,manish,MANEESH,Maneesh,Manesh,MANISH,Mohnish
Sarjeet,Sarajit
LALIT,Lalita,lalit,Lalit
Kanika,kanika
Sudip,Sudeep
Manasi,Mansi
Shreya,Shriya,shreya,sharayu,Shreyaa,Shreeya,shareya,Sharayu
ipsita,Ipsit
dipak kumar,DEEPAK kumar,Deepak Kumar
MONIKA,Monika,Manica,Minkoo,MOUNIKA,Mounika,monika,menaka,monicka,Mainak,monica,Manika,Monica
Rajeev,rajeev
Bhavik,Bhavuk,Bhavika
Arman,ARMAN
Rupali,rupali,Rupal,Ripal
Arun,Aruna
Roop,Roopa
Riddhi,Radha,Ridhi,Radhe
Murali,murali,Murli
ABHIK,Abhik
Keshav,Keshava,keshav
Smrati,samreet,Samrat,Smriti
Annisa,ANEESA
Yukti,Yukta
Yuvaraj,Yuvraj
deepika,deepak,Deepak,Dipak,Dipika,Deepika,DEEPAK
shakti,Shakti
Angel,ANGELAA
Chandrasekhar,CHANDRASEKHAR
Dixita,Dixit
TEJASW,Tejaswi
Meetu,Meet
Arka,Araika
BOBIL,Bablu,Babli
D,DD
jeetesh,jitesh
Sravan,Saravana,Sravani
Rehan,Rihan,ROHINI,Rohan,Rohini,rohini
anwesha,Anwesha
Sadia,saeed
Ankita,ANKITA,ANIKET,ankita,anikita,Aniket,ANKIT,aniket,Ankit,ankit
Ishan,Ishaan,Ishanee,ishani
Surender,SURENDRA,Surendar,Surendra,surendra
Gyan,gyan
Piyalee,Payal,PAYAL,payal
prasenjit,Prosenjit,Prasenjit
Mool,Mouli,Mauli,Mili
Rajiv,rajiv
Haseena,Hussain
VISHWAJEET,Vishwajit
Vinod,VINOD,vinod
Sunil kumar,Sunil Kumar,Suneel kumar
pushpa,Pushap,Pushpa
kastubh,Kaustubh,kaustubh
Supraja,supraja
Ganesh,ganesh
Sandhya,sandhya,Sanidhya
SeeRa,Sri
vishal,Vishali,Vishal,VISHAL,Vaishali,VAISHALI
prantak,Prantik
Saroj,Seraj,siraj,saroj,suraj,Suraj,srija,SURAJ,Sreeja
AMIT,Amit,amit,Amita
Madhuri,madhura,Madhur
Rajeshwar,Rajeshwari
rashmi,Reshma,Resham,Reshmi,Rashmi,RASHMI
Mithilesh,mithilesh,Mithlesh
Nishtha,NISHATH,Nishith
Resham,Reshma,rashmi,Reshmi,Rashmi,RASHMI
Rinita,Rohnit
Sameer,Samra,Sameera,sameer,Sumer,Samieraa
arjun,Arjun,ARJUN
Kanishk,Kanishka
ANJALI,anjali,Anjali,Anjal
jyothi,Jyothi
BIKRAM,Bikram
Archana,Archna,ARCHANA
Priyank,priyanka,Priyanka
Shiksha,shiksha,shakshi
Athar,Athira
Kartik,KARTIK,Kirtika
Siddhartha,SIDDHARTH,sidharth,Siddharth,Sidharth,siddharth
rakshita,Rakshit
Anish,Anshu,Ansha
Maths,Matheus
Ikbal,ikbal
Uzma,uzma
Rajni,Rajan,Rajani,rajan
Richa,richa,RICHA,Ruchi
manoj,manuj,MaNju,manju,Manoj,MANOJ,Manju
akash,Akash
Pooja,puja,PUJA,pooja,POOJA,Puja
Vishal,Vishali,vishal,VISHAL,Vaishali,VAISHALI
vikram,Vikram
Suruchi,suruchi
krutika,KRATIKA,Kratika,kritika,Kritika
Ghanshayam,Ghanshyam
Harshit,harshit,Harshita,harshita
Raju Kumar,Raj kumari
sunil,sonalee,Sunil,SUNIL,Suneel,sonal,Sonal,Sonali
SAI,S,Sai
Akshita,Akshat,akshata,akshita,akshit,AKSHAT,Akshit
Lubana,Lubna
khushi,Khushi
Sujay,Sujoy
Chinmayi,Chinmaya
Paavni,PAVAN,Pavani,pavan,Pavan,PAVANI
gauri,Gora,Gauri,Gouri
Jyoti,jyoti,Joyati
pariksha,Preksha
Veena,Vinai,Vani,vanni,Vini,Veni
ADP,ADAPA
Priya,priya,PRIYA
Ujjawal,UJJWAL,ujjwal,ujjawal,Ujjwal
MOHAMMED,Mohammad,Mohammed,Muhammed,muhammed,mohammed,mohammad,Muhammad
sharad,Sharad,Sharda
nandini,Nandan,Nandini
Ramila,Romil,Rommel
Pranita,Praneeta
TN,Tina,Tanu,Tania,Teena
anusha,Anisha,Anshu,Ansha,Anusha
satyendra,Satyendra
RAGHAVENDRA,Raghavendra
Vibhu,Vibha,vibha
Srabani,Srobona,Sraboni
Praneeta,Pranita
Minkoo,Monika,MONIKA,MOUNIKA,Mounika,monika,menaka,Mainak,Manika
vikas,Vikas,ViKas,VIKAS
Jiten,Jatin,jatin,Jitin
KUMAR,Kumar,kumar,Kumari,KUMARI
Sumeet,Samta,sumita,Sumat,Sumit,smita,SMITA,SUMIT,sumit,Sumita
Anu,ANU,Ann,annu,Annu
Ria,R
Prachee,Prachi,prachi,PRACHI
Nirav,Neerav
MOHIT,Mohit,mohit
Laxmikant,LaxmiKant
puja,Pooja,PUJA,pooja,POOJA,Puja
murali,Murali,Murli
Zaina,Zeenia,Zion
UJJWAL,Ujjawal,ujjwal,ujjawal,Ujjwal
ASHUTOSH KUMAR,Ashutosh Kumar
Sweta,swati,sweta,SWATI,Swati
Shreyansh,shreyansh
ASEEM,Aseem,Asma,Asim
Rachna,RUCHIN,Rachana,rachana,Roochin
HEMANT,Hemant,hemant
Mahak,MEHAK,Mahika,Mehak,Mehek
riya,Riya,RIYA
durgesh,Durgesh
Mausam,masoom,Masoom
Shiv,Shiva,Shivi,shiv
Rashi,Rishi,Reshu,Rishu,Rusha
AMEET KUMAR,Amit kumar,Amit Kumar,AMIT KUMAR
Snehal,snehal,Snehil
Nikhil,NIKHIL,Nikhila
Susheel,Sushil,sushil,sushila
abhinav,ABHINAV,Abhinav
Aryan,aryan
Avani,Avni
Eko,eka
SUDHIR KUMAR,Sudhir Kumar
SAJNA,SUJAN,SUJIN,Sajina,Sajin
SHABEEH,Shubh,Shoaib,Sheeba
Sagar,SAGAR,sagar
Hariom,HARIOM
Salone,saloni,Saloni
Kalu,Kolli
Ridhi,Radha,Riddhi,Radhe
Parag,PARAG
KANDA,konda,Konda
Kirandeep,Karandeep
Sajith,Sujith
Neetish,Nitesh,Nitish,NITISH,Neetesh,Niteesh,NITESH
Balwinder,BALWINDER
Krishan,Krishn,Krishna,krishna
Aravind,ARAVIND,arvind,Arvind
Priti,PREETI,parita,preeti,priti,Preeti,Pritee
Ansar,Anusuri
Ben,bano,Binee
Parvatha,Parvathi
CHITRA,Chitra
MASEERA,Masoora
Arnaldo,Arnold
Sharique,shariq
Rinki,Raunak,Rounak
samaksh,Samiksha
Bhushan,Bhushna
jay,Jay
madhura,Madhuri,Madhur
Virendra,Veerender,Virender
palli,Paula
Vikas,vikas,ViKas,VIKAS
Pradeep,pradeep,pradip,PRADEEP
Chhavi,chhavi
Lata,Lte
Virat,virat
Ritu,REETU,Reeta,ritu,Rita
Kiran,Karan,kiran
Rajani,Rajan,Rajni,rajan
Arpita,arpita,Arpit
abhilasha,Abhilasha
saloni,Salone,Saloni
MOUNIKA,Monika,Manica,MONIKA,Minkoo,Mounika,monika,menaka,monicka,Mainak,monica,Manika,Monica
Sriharsha,sreeharsha
sneha,Sneha
Yashu,Yashi,Yeshu
HARIOM,Hariom
Chitra,CHITRA
summaiyya,Sumaiya
Pavan,PAVAN,Pavani,pavan,Paavni,PAVANI
Rachita,RACHIT,Rachit,Ruchita
Rana,Reenu,Raina,Runa,rini,Renu,renu,Rinu,Rani,Reena,Rini
Komal,Kamal,kamal,komal,Komala
annu,ANU,Ann,Annie,Anu,Annu
SANKET,sanket,sankait,Sanket
Sabto,SABITA
Anil kumar,ANIL KUMAR
pardeep,Pardeep,PARDEEP
RAJENDRA,Rajendra,rajendra,Rajinder,Rajender
Manjar,MANJARI
aviral,Aviral,AVIRAL
Pushpa,Pushap,pushpa
paridhi,Paridhi
Neerav,Nirav
Bhargave,Bhargav,Bhargavi
gyan,Gyan
Vani,Vinai,Veena,vanni,Vini,Veni
sudipt,sudeepti
sahil,suhel,SOHAIL,Sahil,SAHIL,sahila,Saahil,saahil
Rajneesh,RAJNISH,Rajnish
sitsh,satish,Satish,sitesh
SHILPA,Shilpi,Shilpa,shilpa
Kalyani,Kalyan
Padma,Padama,Padam,PADMA
NIKITA,Nikita,nikita
shariq,Sharique
Anuj,anuj,anju,Anju,ANUJ
Brijesh,BRIJESH,Brajesh
SAJAL,Sajal,SUJALA,Sejal
Avdhesh,avdhesh,Avadhesh
mithilesh,Mithilesh,Mithlesh
Diya,diya
Minit,Mounata
NITISH,Nitesh,Nitish,Neetish,Neetesh,Niteesh,NITESH
Shyam,shayam,shyam
sonu,sonia,Sonu,seenu,Sania,Sinu,Soni,Sonia,Sunnia
suhel,sahil,SOHAIL,Sahil,SAHIL,sahila,Saahil,saahil
kamlesh,Kamlesh
PUJA,Pooja,puja,pooja,POOJA,Puja
LOKESH,lakesh,Lokesh,LAKSH,lokesh
Lakshaya,Lakshya
Paritosh,paritosh,Pratush
Ayon,Ayan
Sonu,sonia,sonu,seenu,Sania,Sinu,Soni,Sonia,Sunnia
Sunil,sonalee,sunil,SUNIL,Suneel,sonal,Sonal,Sonali
Akansh,Akansha,akansha
Shahnwaz,Shahnawaz
Sri,SeeRa
Siddhant,siddhant,Sidhant
aditya,adutiya,Aditya,ADITYA
jitendra,Jitender,JITENDRA,jitendar,jitender,Jitendra,JATINDER,jeetendra
AKHILESH,Akhilesh
Prabhjot,prabhjeet
Murli,Murali,murali
Sanchita,Sancheet,sanchita,Sanchit
paritosh,Paritosh,Pratush
Subodh,subodh
sumita,Samta,Sumeet,Sumat,Sumit,smita,SMITA,SUMIT,sumit,Sumita
Sudhir Kumar,SUDHIR KUMAR
Retik,Ritika,Ritik,Reetik
Mrunal,MRINAL,Mrinali,Mrinal
Sambhav,Sambhavi
Sonika,sanika,Sounak
Samarjit,Simarjeet
hitesh,Hitesh
Mahathi,Mahitha
SUPRIYA,Supriya
Ranjan,Ranjana,RANJAN
twinkle,Twinkle,Twinkal
snehal,Snehal,Snehil
Shivanshi,Shivansh,Shivanshu
vanni,Vinai,Veena,Vani,Vini,Veni
Vaibhav,vaibhav,Vaibhavi,vibhav,Vibhav
Mondip,MANDEEP,mandeep,Mandeep
Jasna,Joesin,JAISON
Shobha,shubhi,shubha,Shubhi,Shubha,shobha
Rima,Rahmah,Remi,ram,Reema,Roma,Rama,Ramu,Ram,RAM
Ranjana,Ranjan,RANJAN
kapil,KAPIL,Kapil
Rakshit,rakshita
Suratha,sruthi,Saarthi,Sruthi
sushil,Sushil,Susheel,sushila
Naresh,NARESH,naresh
Riya,riya,RIYA
sruthi,Suratha,Sruthi
Jagruti,Jagrati
Shaifali,Shefali,Shifali,shaifali,shefali
Satyam,satyam
shubhi,Shobha,shubha,Shubhi,Shubha,shobha
Poulami,Poulomee,Poulomi
VISHAL,Vishali,vishal,Vishal,Vaishali,VAISHALI
krunal,Krunal
Mr,Meera
Anjali,anjali,ANJALI,Anjal
Prasad,PRASAD
Ankush,Ankesh
ANURAG,anurag,Anurag
natasha,Natasha
Vandana,Vandna,vandana
Kaushik,Koushik,Koushiki
Koduri,Kadiri
ravindra,RAVINDRA,Ravinder,Ravendra,Ravindra
shubha,Shobha,shubhi,Shubhi,Shubha,shobha
NARESH,Naresh,naresh
Pranjal,pranjal,pranjul,Pranjala,Pranjul
Uditi,UDIT,Udit
SHAHZEB,shozab
Vikram,vikram
Minnie,Mannu,mannu,Manie,mann
SUNIL,sonalee,sunil,Sunil,Suneel,sonal,Sonal,Sonali
Krishna,Krishn,Krishan,krishna
sasmita,susmita,Susmita
Vibha,Vibhu,vibha
Parinitha,Pranith
shubham,SHUBHAM,Shubham
Sunny,Sony
Veenesh,Vinesh
Nisa,Nazia
ARAVIND,Aravind,arvind,Arvind
CHETAN,chetna,Chetan,Chetna,chetan,Chetana
Nagarajan,NAGARAJAN
Nilesh,Neelesh,Nilsha
Vikesh,vikash,VIKASH,Vikash
Pranith,Parinitha
NEERAJ,Neerja,Niraj,NIRAJ,Neeraj
Neelanjna,Nilanjana,Nilanjan
kalash,Kailash
Atul kumar,atul kumar
HARISH,harsha,Harish,HARSH,Harssh,Harsh,harsh,Harsha
Sumat,Samta,Sumeet,sumita,Sumit,smita,SMITA,SUMIT,sumit,Sumita
SOHAIL,sahil,suhel,Sahil,SAHIL,sahila,Saahil,saahil
seenu,sonia,sonu,Sonu,Sania,Sinu,Soni,Sonia,Sunnia
Srishti,Srishtti
Tanuja,Tanuj
AAKRITI,Aakriti
Sohan,Sahana,Suhani,Sahina,sohan
seema,SUMI,Saima,Soma,Soumi,Sam,Seema,simmi
Anku,Anik
Sabir,SUBIR
priyanka,Priyank,Priyanka
Naina,nan,Nani,Neena
Bindu,Binod
Humaira,Humera
Lakshya,Lakshaya
Padama,Padma,Padam,PADMA
Vini,Vinai,Veena,Vani,vanni,Veni
Shaffi,Shafi,siaf,Shaifa
Ainan,Anan
vartika,Vartika,Vertika
Dixit,Dixita
subhadip,Subhodeep,Subhadeep
Sajina,SUJAN,SUJIN,SAJNA,Sajin,Sajjan
Nidhi,NIDHI,nidhi
Tanuj,Tanuja
mannu,Mannu,MANI,MONU,Monu,Minnie,meenu,monu,Mona,mann,Manu,Meenu,MANU,Mani,Meena,muin,manu
sumanth,SOMENATH,Sumanth
Prasanna,Praseena,PRASANNA
ANSHUMAN,Anshuman
Shanu,Sheena,Sheen,Shani
uzma,Uzma
neelu,Neelu,Neel
himanshi,HIMANSHU,Himanshi,himanshu,Himanshu
rajeev,Rajeev
Harendra,harendra,Harinder
Wasim,Waseem
arijit,Arjit,Arijit
pulkit,Pulkit
BALWINDER,Balwinder
Mounika,Monika,Manica,MONIKA,Minkoo,MOUNIKA,monika,menaka,monicka,Mainak,monica,Manika,Monica
saket,Saikat,Saket
kunal,Kunal
anikita,ANKITA,ANIKET,ankita,Ankita,Aniket,ANKIT,aniket,Ankit,ankit
arpana,Arpan
sandhya,Sandhya,Sanidhya
Nazar,Naasir
Ayesha,ayushi,Ayushi
DHIRAJ,Dheeraj,DHEERAJ,Dhiraj,dheeraj
MRINAL,Mrunal,Mrinali,Mrinal
Mehek,MEHAK,Mahika,Mehak,Mahak
bano,Ben,Binee
Febina,febin
Dipa,Deep,Deepa,deepa,DIPA
Shefali,Shaifali,Shifali,shaifali,shefali
NIKHIL,Nikhil,Nikhila
Manendra,Manindra,Maninder,maninder
Anusuri,Ansar
Aseem,ASEEM,Asma,Asim
Asma,ASEEM,Aseem,Asim
Agnas,Agnes
RAGHAV,raghav,Raghav
Stuti,STUTEE
Shakha,Shikha,shikha
Puru,Paru
VIKASH,vikash,Vikesh,Vikash
Navneet,Navneeta
Sudhanshu,sudhanshu
bhupesh,Bhupesh
Shashank Shekhar,shashank shekhar
Soumya,Saumya,Somya,somya,saumya,SOUMYA,Samya,Sumaiya
Samreen,simran,Simran,Samiran
Dharmendra,dharmendra,Dharmender
Arushi,arushi,Arshi
Ranjita,Ranjit,Ranjeet,Renjit
OM,Om,Omi
meenu,Mannu,MANI,MONU,Monu,mannu,monu,Mona,Manie,mann,Manu,Meenu,MANU,Mani,Meena,muin,manu
Hukam,Hukma
manuj,manoj,MaNju,manju,Manoj,MANOJ,Manju
sourabh,saurabh,Sourabh,Sorabh,SOURABH,Saurabh
maneesh,Munesh,Manish,manish,MANEESH,Maneesh,Manesh,MANISH,Mohnish
TARUN,Taruna,tarun,Tarini,Taran,Tarun
CA,CK,Caio
kajal,Kajal
Peeyush Kumar,Piyush Kumar
Tanya,Taniya,tanya
Tina,TN,Tanu,Tania,Tannu,Teena
Deepa,Deep,Dipa,deepa,DIPA
Anuvesh,Anvesh
Mridula,mridula,Mridul,MRIDULA
BAJRANG,Bajrang,bajrang
Aman,aman,AMAN,aimen,Amaan
Rahmah,Rima,Remi,ram,Reema,Roma,Rama,Ramu,Ram,RAM
Aprajita,Aparajita
saumya,Saumya,Somya,somya,Soumya,SOUMYA,Samya,Sumaiya
Prithivi,prithivi,Prithvi
Rommel,Romil,Ramila
ABHINAV,abhinav,Abhinav
Laxmi,laxmi
joao,Jui,J,jai,Jai,Joe,Jeh
ishu,ISHA,Isha
Yogendra,yogendra
NAVEEN,Navin,Naveen
bhumik,bhumika,Bhoomika,Bhumika
RAHUL,rahul,Rahul
Manish,Munesh,maneesh,manish,MANEESH,Maneesh,Manesh,MANISH,Mohnish
MaNju,manoj,manuj,manju,Manoj,MANOJ,Manju
Shailee,Shalu,Shaili,shalu,Shelly,shally,Sheelu,Shaillee
Sheen,Sheena,Shanu,Shani
Shivam,SHIVAM,shivam,Shivaam
monika,Monika,Manica,MONIKA,Minkoo,MOUNIKA,Mounika,menaka,monicka,Mainak,monica,Manika,Monica
Durgesh,durgesh
Syed,Syeda,SYED,syeda
SUJALA,Sajal,SAJAL,Sejal
ViKas,vikas,Vikas,VIKAS
Kushal,kaushal,Kaushal
Surendar,SURENDRA,Surender,Surendra,surendra
Shobana,Shabeena
Preksha,pariksha
Sania,sonia,sonu,Sonu,seenu,Sinu,Soni,Sonia,Sunnia
Meera,Mr
Dr Taruna,Dr Tarun
mariya,Mariya
yashwant,Yashwant
somani,Samman,Somani,Suman,Samin,Sameena,SOUMINI,suman
Raja,Raj,Reeju,raju,Raju,raj,RAJ,RAJA
Tariq,Tarique
PRIME,prem,PREM,Prem
MEGHNA,Meghna
archit,Archita
Sunil Kumar,Sunil kumar,Suneel kumar
Shifali,Shaifali,Shefali,shaifali,shefali
Faraz,firoz,Faraaz
Vaibhavi,vaibhav,Vaibhav,vibhav,Vibhav
Deepanker,deepankar,Deepankar
Mrinali,Mrunal,MRINAL,Mrinal
Abinash,Abanish
Vivek Kumar,Vivek kumar
Lakshmi,lakshmi
Rahul Kumar,RAHUL KUMAR
Anjana,ANJANA
Ashish Kumar,Asheesh Kumar
Satender,SATENDRA,Satendra,satendra
shiksha,Shiksha,shakshi
Soumitra,Sumitra
rajiv,Rajiv
ANUBHAV,Anubhav
Araika,Arka
Bhuvan,bhavani,Bhavin,Bhavana,Bhuvana
Malvika,Malavika
Jaya,Jeya,jaya
Divyansh,Divyanshi,Divyanshu
juveria,Jaiveer
Mauli,Mouli,Mool,Mili
nayan,Nayan
Vaneet,Vinit,Vinita,Vineet,vineeta,Vineeta
rizwan,Rizwan
Hemant,HEMANT,hemant
sreekanth,Srikanth
Chandrashekhar,chandrashekhar
Ishaan,Ishan,Ishanee,ishani
Pravin,praveen,PRAVIN,Praveen
SWAPNIL,Swapnil
kusum,kusam,Kusuma
aayushi,Aayushee,Aayushi
Amrit,amrita,Amrita
PANKAJ,Pankaj,pankaj
Aditya,adutiya,aditya,ADITYA
Kishan,KISHAN,kishan
Shelly,Shailee,shally,Shaillee
Santosh,SANTOSH,santosh
Bharat,Bharti,Bharati,BHARAT
sriram,Sriram,Sreerama
love,Lavi,Love,Luv
ANUSHRI,Anushree
Neetesh,Nitesh,Nitish,Neetish,NITISH,Niteesh,NITESH
Deeksha,diksha,Daksha,Daksh,Diksha,DEEKSHA
Rajashekhar,Rajashekher
Suneel kumar,Sunil kumar,Sunil Kumar
ARMAN,Arman
Alisha,alisha
Ajit,AJIT,Ajeet,ajit
Hare,Hari,Heri
Roy,ROY
Imran,imran
palash,Palash
Aparajita,Aprajita
Kalpana,kalpana
pushkar,Pushkar
Palak,palak
Vishnu,vishnu,VISHNU
menaka,Monika,Manica,MONIKA,Minkoo,MOUNIKA,Mounika,monika,monicka,Mainak,monica,Manika,Monica
Ayush,ayush,Ayussh
Annu,ANU,Ann,Annie,Anu,annu
firoz,Faraz,Faraaz
Niranjan,Niranjani
Shaheen,Shahina,Shahana
Srujana,Srijan,Srajan
Sahil,sahil,suhel,SOHAIL,SAHIL,sahila,Saahil,saahil
Somani,Samman,somani,Suman,Samin,Sameena,SOUMINI,suman
sarita,Sarita,SURTI,Seerat,Sruti
Ashu,Asha
Nilanjana,Neelanjna,Nilanjan
Sejal,Sajal,SAJAL,SUJALA
pooja,Pooja,puja,PUJA,POOJA,Puja
Janani,Janaina
rekha,Rekha,Rakhi
satish,sitsh,Satish,sitesh
akshita,Akshat,akshata,Akshita,akshit,AKSHAT,Akshit
sourav,Saurav,SAURAV,saurav,Sourav
Uma,uma
Prashant,prashant,PRASHANT
Ajeet,AJIT,Ajit,ajit
Aniruddha,Anuradha
shiv,Shiva,Shivi,Shiv
Sudeep,Sudip
Ashok,ashok,ASHOK,Aishik
PRAVEEN Kumar,Praveen Kumar
monu,Mannu,MANI,MONU,Monu,mannu,meenu,Mona,Manie,mann,Manu,Meenu,MANU,Mani,Meena,muin,manu
Pratyush,pratyush,Pratyash
jitesh,jeetesh
Smruthi,Smarath
ANIL KUMAR,Anil kumar
prashant,Prashant,PRASHANT
mandeep,MANDEEP,Mondip,Mandeep
arushi,Arushi,Arshi
Jyothi,jyothi
umesh,Umesh
Amarjeet,Amarjit
Paras,Paaras
Ariz,Arzoo
supraja,Supraja
shekhar,Shekher,shikhar,Shikhar,Shekhar
Debalina,Debolina,Deblina
prithivi,Prithivi,Prithvi
Ishanee,Ishan,Ishaan,ishani
pradeep,Pradeep,pradip,PRADEEP
Pawan,PAWAN,pawan
Jasbir,jasbir
PAWAN,Pawan,pawan
Twinkle,twinkle,Twinkal
Padam,Padma,Padama,PADMA
Remi,Rima,Rahmah,ram,Reema,Roma,Rama,Ramu,Ram,RAM
Bheem,bhumi
Akshey,AKSHAY,Akshay
OMPRAKASH,Omprakash
Lokendra,Lokender
Sujith,Sajith
shikhar,Shekher,shekhar,Shikhar,Shekhar
Mahnaz,Manas
Shagun,SHAGUN
ANUJ,anuj,anju,Anju,Anuj
KULDEEP,Kuldeep
manju,manoj,manuj,MaNju,Manoj,MANOJ,Manju
Aniket,ANKITA,ANIKET,ankita,Ankita,anikita,ANKIT,aniket,Ankit,ankit
Sheeba,Shubh,Shoaib,SHABEEH
pranjul,pranjal,Pranjal,Pranjala,Pranjul
Shubhi,Shobha,shubhi,shubha,Shubha,shobha
Shallu,Shalu,Shaili,shalu,Sheelu,Shaillee
Himmat,HIMMAT
Debolina,Debalina,Deblina
PRATIK,Pratik,Prateek,prateek
GAUTAMI,Gautam,gautam,Goutam
ram,Rima,Rahmah,Remi,Reema,Roma,Rama,Ramu,Ram,RAM
Muthu,Math
Manoj,manoj,manuj,MaNju,manju,MANOJ,Manju
Soma,SUMI,Saima,seema,Soumi,Sam,Seema,simmi
sharayu,Shriya,shreya,Shourya,Shreya,Shorya,Shreyaa,Shreeya,shareya,Sharayu
Chetan,chetna,CHETAN,Chetna,chetan,Chetana
Gargee,Gargi
Pranjala,pranjal,Pranjal,pranjul,Pranjul
Tripti,Trupti
Snehil,Snehal,snehal
Poulomee,Poulami,Poulomi
Bhargav,Bhargave,Bhargavi
Jincy,Johncy
Veerender,Virendra,Virender
AARUSHI,Aarushi
Vikrant,vikrant
kirti,Keerti,Kirti
SANGEETA,Sangeeta,Sangeet,sangeeta
DEEPAK kumar,dipak kumar,Deepak Kumar
tanisha,Tanisha
ayushi,Ayesha,Ayushi
Surbhi,Surabhi,surabhi,surbhi
Niteesh,Nitesh,Nitish,Neetish,NITISH,Neetesh,NITESH
Rupal,rupali,Rupali,Ripal
parul,Parul
Nilanjan,Neelanjna,Nilanjana
rajat,Rajat
suraj,Seraj,siraj,saroj,Saroj,Suraj,srija,SURAJ,Sreeja
Chinmoy,Chinmay
Sinu,sonia,sonu,Sonu,seenu,Sania,Soni,Sonia,Sunnia
Bhagyashree,bhagyashree
Johncy,Jincy
Tejaswi,TEJASW
ashwini,Ashwin,Ashwani,Ashwini,ASHWINI
Anisha,anusha,Anshu,Ansha,Anusha
Tarini,Taruna,tarun,TARUN,Taran,Tarun
shashank shekhar,Shashank Shekhar
Sowmya,sowmya
Govinda,Govind,govind,GOVIND
Vaishali,Vishali,vishal,Vishal,VISHAL,VAISHALI
POOJA,Pooja,puja,PUJA,pooja,Puja
Deepak,deepak,deepika,Dipak,Dipika,Deepika,DEEPAK
laxmi,Laxmi
VINOD,Vinod,vinod
Agnes,Agnas
khushboo,Khushbu,Khushboo,khushbu
pratibha,Pratibha
Runa,Reenu,Raina,Rana,rini,Renu,renu,Rinu,Rani,Reena,Rini
Abhijit,Abhijeet
Seerat,Sarita,SURTI,sarita,Sruti
Reshmi,Reshma,rashmi,Resham,Rashmi,RASHMI
saurav,Saurav,SAURAV,sourav,Sourav
Esha,Eisha
Mei,M,mh
Anik,Anku
Saarthi,Suratha
maninder,Manindra,Maninder,Manendra
pradip,Pradeep,pradeep,PRADEEP
Sumit,Samta,Sumeet,sumita,Sumat,smita,SMITA,SUMIT,sumit,Sumita
Shubha,Shobha,shubhi,shubha,Shubhi,shobha
Naasir,Nazar
Purnima,Poornima
Paula,palli
Jeya,Jaya,jaya
Shridhar,shreedhar
Bhavin,bhavani,Bhuvan,Bhavana,Bhuvana
Robin,Rubina
ajit,AJIT,Ajit,Ajeet
Bhavika,Bhavuk,Bhavik
Ramesh,ramesh
smita,Sumeet,sumita,Sumat,Sumit,SMITA,SUMIT,sumit,Sumita
Shawet,Shweta,shweta
Pratima,preetam,Preetam,Pritam
Gitesh,Geetesh
jatin,Jatin,Jiten,Jitin
sanju,Sanoj
Nikhila,Nikhil,NIKHIL
Raju,Raj,Reeju,raju,Raja,raj,RAJ,RAJA
Suman,Samman,somani,Somani,Samin,Sameena,SOUMINI,suman
gautam,Gautam,GAUTAMI,Goutam
Priyanka,Priyank,priyanka
kishor,Kishor,Kishore,Kishori
Soumi,SUMI,Saima,seema,Soma,Sam,Seema,simmi
Dhamini,Dhiman
Sumanth,SOMENATH,sumanth
Neel,Neelu,neelu
Radhika,radhika
Shorya,Shourya,sharayu,shareya,Sharayu
SANDIP,Sandip,sandeep,SANDEEP,Sandeep
NIMESH,NIMISH
rohit,Rohita,rahat,ROHIT,Rohit
mohini,Mohan,Maheena,mohan,MOHAN,Mohini
priyanshu,Priyansh,Priyanshu,PRIYANSH,Priyansha
Karthika,Karthick,karthika,Karthik
Arjun,arjun,ARJUN
priya,Priya,PRIYA
DR,dr,Dr
rini,Reenu,Raina,Rana,Runa,Renu,renu,Rinu,Rani,Reena,Rini
Angie,Anggie
Shachi,shuchi
gaurav,Gourav,GOURAV,Gaurav,Goaurav,GAURAV
Khushbu,khushboo,Khushboo,khushbu
Harinder,harendra,Harendra
Sourabh,saurabh,sourabh,Sorabh,SOURABH,Saurabh
RITESH,Rateesh,Ritesh,ritesh
Sijo,Siji,Suja
Sakshi,sakshi,siksha,SAKSHI,Sakshee
Jitender,jitendra,JITENDRA,jitendar,jitender,Jitendra,JATINDER,jeetendra
Amit kumar,AMEET KUMAR,Amit Kumar,AMIT KUMAR
Ketan,KETAN
Setu,SITA
shally,Shailee,Shelly,Shaillee
vanshika,Vanshika
Soni,sonia,sonu,Sonu,seenu,Sania,Sinu,Sonia,Sunnia
Niranjani,Niranjan
Praseena,Prasanna,PRASANNA
Dhiraj,Dheeraj,DHEERAJ,DHIRAJ,dheeraj
Pranshu,Pranesh
tanya,Taniya,Tanya
shashank,Shashank,SHASHANK
simran,Samreen,Simran,Samiran
Neeru,neeru
Harish,harsha,HARISH,HARSH,Harssh,Harsh,harsh,Harsha
Vidya,Vidhya
Sraboni,Srobona,Srabani
Aishwarya,aishwarya
apurva,Apurv,Apoorve,Apoorv,Apoorva,Appoorve,Apurva
Sanoj,sanju
akshaya,Akshaya,Akshya
Caio,CK,CA
Satendra,SATENDRA,Satender,satendra
Mona,Mannu,MANI,MONU,Monu,mannu,meenu,monu,Manie,mann,Manu,Meenu,MANU,Mani,Meena,muin,manu
Jayant,jayant
Swetha,Swathi
M,Mei,mh
Sapna,Sapana,sapna
Noble,Nabeela
Kratika,KRATIKA,krutika,kritika,Kritika
Rupendra,Rupinder
a,A
Sharad,sharad,Sharda
Laxman,laxman
Koushiki,Koushik,Kaushik
subodh,Subodh
Shraddha,shradha,Shradha
shobha,Shobha,shubhi,shubha,Shubhi,Shubha
Gitika,Geetika
Sangeet,Sangeeta,SANGEETA,sangeeta
S  K,S K
Nisha,Nishu,nisha
Neeraj kumar,Neeraj Kumar
Purva,Parv,Poorva
Sushant,SUSHANT
jagdish,Jagdish
Apoorv,Apurv,Apoorve,apurva,Apoorva,Appoorve,Apurva
SMITA,Sumeet,sumita,Sumat,Sumit,smita,SUMIT,sumit,Sumita
NIDHI,Nidhi,nidhi
Yamini,yamini
Prince,prince
PRAMOD,pramod,Pramod
Rupinder,Rupendra
Akshaya,akshaya,Akshya
Goutam,Gautam,GAUTAMI,gautam
Sudha,Sudhi,Siddhi
Dipender,Deependra,deependra
Rounak,Raunak,Rinki
Nandini,Nandan,nandini
Prem,prem,PREM,PRIME
Praveen Kumar,PRAVEEN Kumar
Jasmin,Jasmine
Manie,MANI,MONU,Monu,Minnie,meenu,monu,Mona,Manu,Meenu,MANU,Mani,Meena,muin,manu
FARHAT,Farhat
Vinit,Vaneet,Vinita,Vineet,vineeta,Vineeta
Alok,alka,Alka,alok,ALOK
Nabeela,Noble
Dinesh Kumar,dinesh kumar
Sayon,Sayoni,Sayan,Sayonee
Payal,Piyalee,PAYAL,payal
sanchita,Sancheet,Sanchita,Sanchit
Kaushal,kaushal,Kushal
RUCHIN,Rachna,Rachana,rachana,Roochin
jasbir,Jasbir
ROHIT,Rohita,rahat,rohit,Rohit
SOUMYA,Saumya,Somya,somya,Soumya,saumya,Samya,Sumaiya
HARSH,harsha,HARISH,Harish,Harssh,Harsh,harsh,Harsha
Joyati,jyoti,Jyoti
puneet,Pintu,Puneet,punit,Punit,Punita
Darshini,Darshan,Darshana
Piyush,PIYUSH,Peeyush,Peyush,piyush
Daksha,diksha,Deeksha,Daksh,Diksha,DEEKSHA
shreyansh,Shreyansh
YASMIN,Yasmin
Chetna,chetna,CHETAN,Chetan,chetan,Chetana
Vandna,Vandana,vandana
Subhodeep,subhadip,Subhadeep
richa,Richa,RICHA,Ruchi
bittu,Bittu
RAMSWAROOP,Ramswaroop
SANTOSH,Santosh,santosh
Sujit,Sujata,sujeet,sujata,Sujeet
chhavi,Chhavi
Harssh,HARISH,Harish,HARSH,Harsh,harsh
Meet,Meetu
Niharika,Neharika
Anvesh,Anuvesh
Sameera,Samra,Sameer,sameer,Sumer,Samieraa
sulabh,Sulabh
Vanitha,Vinutha,Vineeth
diya,Diya
ACHAL,Achal
Reema,Rima,Rahmah,Remi,ram,Roma,Rama,Ramu,Ram,RAM
ankur,Ankur
PAYAL,Piyalee,Payal,payal
karthika,Karthick,Karthika,Karthik
parmanand,PARAMANAND,Parmanand
Ananya,Anannya
akshit,Akshat,akshata,Akshita,akshita,AKSHAT,Akshit
Moumita,Mamata,mamta,Mamta,MAMTA
Raman,Roman,Rumana,Ramana,Rumani
shivani,Shivani,Shavani
asmita,Asmita
Parul,parul
Nishu,Nisha,nisha
Joesin,Jasna,JAISON
anmol,Anmol
Keshava,Keshav,keshav
Parveen,parveen
Shahina,Shaheen,Shahana
Mahima,mahima
Sanjeev,sanjeev
Sharda,sharad,Sharad
J,Jui,joao,jai,Jai,Joe,Jeh
neha,NEHA,Neha
GARIMA,Garima,garima
STUTEE,Stuti
alka,Alok,Alka,alok,ALOK
Shashank,shashank,SHASHANK
Suhani,Sahana,Sohan,Sahina,sohan
vinod,Vinod,VINOD
Josepaul,Jaspal
sangeeta,Sangeeta,SANGEETA,Sangeet
Khushboo,khushboo,Khushbu,khushbu
nisha,Nisha,Nishu
Goaurav,Gourav,GOURAV,Gaurav,gaurav,GAURAV
Mohsin,Moseen,MUHSIN
GIRDHARI,Girdhar
RAJU RANJAN,Raj Ranjan
ANEESA,Annisa
dev,Dev
tejaswani,Tejaswini
vinay kumar,Vinay Kumar
Nayan,nayan
Apoorva,Apurv,Apoorve,apurva,Apoorv,Appoorve,Apurva
Pragya,PRAGYA
Chandra,chandra
Anmol,anmol
Kapil,KAPIL,kapil
uma,Uma
PRAGYA,Pragya
pragati,Pragati
Hussain,Haseena
Shubhika,Shobhika
Chirag,CHIRAG,chirag
Utsav,UTSAV
preety,Preety,Pritee
Pankaj,PANKAJ,pankaj
Sujata,Sujit,sujeet,sujata,Sujeet
arvind,Aravind,ARAVIND,Arvind
Rohnit,Rinita
SWATI,swati,sweta,Sweta,Swati
Suraj,Seraj,siraj,saroj,Saroj,suraj,srija,SURAJ,Sreeja
Akansha,Akansh,akansha
Suneel,sonalee,sunil,Sunil,SUNIL,sonal,Sonal,Sonali
JITENDRA,jitendra,Jitender,jitendar,jitender,Jitendra,JATINDER,jeetendra
Nani,nan,Naina,Neena
surya,SURYA,Surya
Hemu,Hema,Hem
rakesh,RAKESH,Rakesh
YOGESH,yogesh,Yogesh
ANKIT,ANKITA,ANIKET,ankita,Ankita,anikita,Aniket,aniket,Ankit,ankit
Srijita,Sarajit
Hem,Hema,Hemu
Savita,savita
Abhimanyu,abhimanyu
shradha,Shraddha,Shradha
Shivangi,shivangi
Samin,Samman,somani,Somani,Suman,Sameena,SOUMINI,suman
monicka,Monika,Manica,MONIKA,MOUNIKA,Mounika,monika,menaka,Mainak,monica,Manika,Monica
Mitul,Mitali
Ravi,ravi,RAVI
S,SAI,Sai
Harsh,harsha,HARISH,Harish,HARSH,Harssh,harsh,Harsha
Asha,Ashu
Virali,Viral
shozab,SHAHZEB
Mrinal,Mrunal,MRINAL,Mrinali
Satish,sitsh,satish,sitesh
Manoj Kumar,Manoj kumar
Umesh,umesh
Minali,munil,Minalee,Manali,Meenal,manali
Puneet,Pintu,puneet,punit,Punit,Punita
Astha,astha
ANIL,Anil,anil
ruby,Ruby
Daksh,Dikesh,diksha,Deeksha,Daksha,Diksha,DEEKSHA
Kirti,Keerti,kirti
Kailash,kalash
Archna,Archana,ARCHANA
manisha,Manisha
Ayushi,Ayesha,ayushi
Vivek,VIVEK,vivek
Roma,Rima,Rahmah,Remi,ram,Reema,Rama,Ramu,Ram,RAM
PRASHANT,Prashant,prashant
Vikash,vikash,Vikesh,VIKASH
REETU,Ritu,Reeta,ritu,Rita
manish,Munesh,maneesh,Manish,MANEESH,Maneesh,Manesh,MANISH,Mohnish
Sampad,SAMPADA
ABHAY,Abhay
Ashwin,ashwini,Ashwani,Ashwini,ASHWINI
vibha,Vibhu,Vibha
ANUSUYA,Anusuya
Nishikant,NISHIKANT
Pushpendra,pushpendra
Samiksha,samaksh
SAHIL,sahil,suhel,SOHAIL,Sahil,sahila,Saahil,saahil
Jaspal,Josepaul
shaifali,Shaifali,Shefali,Shifali,shefali
Amulya,AMULYA,amulya
Afreen,Afrien
Priyansh,priyanshu,Priyanshu,PRIYANSH,Priyansha
ASHOK,ashok,Ashok,Aishik
Farah,Farrah
deependra,Deependra,Dipender
ujjwal,Ujjawal,UJJWAL,ujjawal,Ujjwal
radhika,Radhika
sunidhi,Sindhu
arpita,Arpita,Arpit
Sharmila,SHARMILA
Tanu,TN,Tina,Tania,Tannu,Teena
Bhupender,Bhoopendra,Bhupendra
Srivatsa,srivatsa
Mahitha,Mahathi
Paru,Puru
Alpna,Alpana
Avijeet,Avijit
RAVINDRA,ravindra,Ravinder,Ravendra,Ravindra
Pallavi,Pallvi
VIKAS,vikas,Vikas,ViKas
prachi,Prachi,Prachee,PRACHI
anand,ANINDO,Anand
sahila,sahil,suhel,SOHAIL,Sahil,SAHIL,Saahil,saahil
anirudh,Anirudh
PARTHA,Paarth,Parth
gopal,Gopal,GOPAL
atul,Atul,ATUL
A,a
Sanjana,sanjana,Sanjna
Rihan,Rehan,ROHINI,Rohan,Rohini,rohini
raghav,RAGHAV,Raghav
Karan,Kiran,kiran
farukh,Farukh
Sharan,Sheoran
Shreyaa,Shriya,shreya,Shreya,sharayu,Shreeya,shareya,Sharayu
Tania,TN,Tina,Tanu,Tannu,Teena
ROY,Roy
vishnu,Vishnu,VISHNU
Prannoy,Pranay
nidhi,Nidhi,NIDHI
RUTUJA,Rutuja
rajendra,Rajendra,RAJENDRA,Rajinder,Rajender
lokesh,lakesh,Lokesh,LAKSH,LOKESH
SHAGUN,Shagun
Vartika,vartika,Vertika
harsh,harsha,HARISH,Harish,HARSH,Harssh,Harsh,Harsha
Anwesha,anwesha
Renu,Reenu,Raina,Rana,Runa,rini,renu,Rinu,Rani,Reena,Rini
Nida,Nada
Nishit,Nishita,Nishat
chandrashekhar,Chandrashekhar
yash,Yash
Ashutosh,ashutosh,ASHUTOSH
akhtar,Akhtar
kritika,KRATIKA,krutika,Kratika,Kritika
Pinky,pinky
Miss,Maaz,Ms
Sanchit,Sancheet,Sanchita,sanchita
Ipsit,ipsita
Priyanshu,priyanshu,Priyansh,PRIYANSH,Priyansha
Alka,Alok,alka,alok,ALOK
Dherender,Dhirendra,DHIRENDRA
Rama,Rima,Rahmah,Remi,ram,Reema,Roma,Ramu,Ram,RAM
sanika,Sonika,Sounak
Shivanshu,Shivansh,Shivanshi
Sorabh,saurabh,sourabh,Sourabh,SOURABH,Saurabh
Preetam,preetam,Pratima,Pritam
Nazia,Nisa
Garima,GARIMA,garima
sudhanshu,Sudhanshu
Tannu,Tina,Tanu,Tania,Teena
siksha,sakshi,Sakshi,SAKSHI,Sakshee
sireesha,Sireesha
Shubhra,SHUBHRA
Shikhar,Shekher,shekhar,shikhar,Shekhar
Muskan,Muskaan
Ranjit,Ranjita,Ranjeet,Renjit
Math,Muthu
Jaydip,JAYDEEP
shyam,shayam,Shyam
SACHIN,sachin,Sachin
Ameer,Amir,Ammar,Amar,Ahmar
Ekta,ekta
Charu,Charru,Cherie,charu
SHUBHAM,shubham,Shubham
Anoop,anoop,Anup,ANOOP
Yash,yash
Eisha,Esha
Kritika,KRATIKA,krutika,Kratika,kritika
Deblina,Debalina,Debolina
Sheelu,Shalu,Shaili,shalu,Shailee,Shallu
Sulabh,sulabh
Kanishka,Kanishk
Darshan,Darshini,Darshana
roshni,Raushan,Roshani,Rishin,Roshini,Reshni,ROSHNI,Roshan,Roshni
renu,Reenu,Raina,Rana,Runa,rini,Renu,Rinu,Rani,Reena,Rini
Sanjna,sanjana,Sanjana
Shekhar,Shekher,shekhar,shikhar,Shikhar
Prithvi,Prithivi,prithivi
AKSHAY,Akshey,Akshay
srija,Seraj,siraj,saroj,Saroj,suraj,Suraj,SURAJ,Sreeja
Somesh,SOMESH
Dhiman,Dhamini
Dipak,deepak,deepika,Deepak,Dipika,Deepika,DEEPAK
parveen,Parveen
Malavika,Malvika
Gopal,gopal,GOPAL
Dilip,Dalip
Vidisha,Vidushi
PRACHI,Prachi,Prachee,prachi
Teja,Tej
bhumika,bhumik,Bhoomika,Bhumika
Divyanshi,Divyansh,Divyanshu
Megha,megha
Anan,Ainan
pravesh,Pravesh
Alina,Aline,Aleena
Rumana,Roman,Raman,Ramana,Rumani
sanjeev,Sanjeev
Amarjit,Amarjeet
Sweety,sweety
Subrata,Subrat
Praveen,praveen,PRAVIN,Pravin
Ranjeet,Ranjita,Ranjit,Renjit
jitendar,jitendra,Jitender,JITENDRA,jitender,Jitendra,JATINDER,jeetendra
GOPAL,gopal,Gopal
PRIYA,Priya,priya
Rekha,rekha,Rakhi
syeda,Syeda,SYED,Syed
Bhargavi,Bhargave,Bhargav
Manisha,manisha
rupesh,Rupesh,RUPESH
Rajinder,Rajendra,RAJENDRA,rajendra,Rajender
Sajin,SUJAN,SUJIN,SAJNA,Sajina,Sajjan
Abhinanda,ABHINAND
Bhavana,bhavani,Bhuvan,Bhavin,Bhuvana
CHIRAG,Chirag,chirag
aman,Aman,AMAN,aimen,Amaan
Dev,dev
Rajeshwari,Rajeshwar
Iram,Irum
Abhishek,ABHISHEK,abhishek
Raghavendra,RAGHAVENDRA
Ritik,Ritika,Retik,Reetik
Sourav,Saurav,SAURAV,sourav,saurav
Anurag,anurag,ANURAG
Amit,AMIT,amit,Amita
NEHA,neha,Neha
Ashwani,ashwini,Ashwin,Ashwini,ASHWINI
Rashmi,Reshma,rashmi,Resham,Reshmi,RASHMI
Preethi,Pritha
Arijit,Arjit,arijit
Ajinkya,AJinkya
Yukta,Yukti
Taran,Taruna,tarun,TARUN,Tarini,Tarun
Rahul,rahul,RAHUL
Sreerama,Sriram,sriram
Vinutha,Vanitha,Vineeth
Mukesh,MUKESH,mukesh
Rachana,Rachna,RUCHIN,rachana,Roochin
Namit,Namita
raj,Raj,Reeju,raju,Raja,Raju,RAJ,RAJA
Narender,Narendra
shakshi,Shiksha,shiksha
Muhammed,Mohammad,Mohammed,MOHAMMED,muhammed,mohammed,mohammad,Muhammad
Paridhi,paridhi
punit,Pintu,puneet,Puneet,Punit,Punita
dharmendra,Dharmendra,Dharmender
Anil,ANIL,anil
mann,Mannu,MANI,MONU,Monu,Minnie,mannu,meenu,monu,Mona,Manu,Meenu,MANU,Mani,Meena,muin,manu
Namita,Namit
Mainak,Monika,Manica,MONIKA,Minkoo,MOUNIKA,Mounika,monika,menaka,monicka,monica,Manika,Monica
Venkata,Venkat
Mamta,Mamata,mamta,Moumita,MAMTA
Chandni,Chandana,Chandan,Chandani,CHANDAN
Prateeksha,Pratiksha,pratiksha
chetan,chetna,CHETAN,Chetan,Chetna,Chetana
Tamanna,Tamina
RAJ,Raj,Reeju,raju,Raja,Raju,raj,RAJA
Mili,Mouli,Mool,Mauli
Kolli,Kalu
Rajender,Rajendra,RAJENDRA,rajendra,Rajinder
Tarique,Tariq
Arif,arif,Arfaa
Raj Ranjan,RAJU RANJAN
Raj kumari,Raju Kumar
Devansh,Devanshu,Devanshi
Narendra,Narender
Maheena,Mohan,mohini,mohan,MOHAN,Mohini
mukta,Mukti
Akhilesh,AKHILESH
Diksha,diksha,Deeksha,Daksha,Daksh,DEEKSHA
shilpa,Shilpi,Shilpa,SHILPA
Luv,Lavi,Love,love
Asheesh Kumar,Ashish Kumar
saeed,Sadia
Sudhi,Sudha,Siddhi
shikha,Shikha,Shakha
muhammed,Mohammad,Mohammed,MOHAMMED,Muhammed,mohammed,mohammad,Muhammad
virat,Virat
amit,AMIT,Amit,Amita
Aayushee,aayushi,Aayushi
Rushikesh,Rishikesh
Reeta,Ritu,REETU,ritu,Rita
shailendra,Shailendra,Shailender
Subrat,Subrata
suruchi,Suruchi
sonal,sonalee,sunil,Sunil,SUNIL,Suneel,Sonal,Sonali
alok,Alok,alka,Alka,ALOK
jayant,Jayant
priti,PREETI,parita,preeti,Priti,Preeti,Pritee
Pranjul,pranjal,Pranjal,pranjul,Pranjala
MANJARI,Manjar
SUBHASISH,Subhasish
Srikant,SRIKANT
Ambrish,ambrish
Anshul,anshul,ANSHUL,Anshula
rajan,Rajan,Rajni,Rajani
Mridul,mridula,Mridula,MRIDULA
vijay,Vijay
Radhe,Radha,Riddhi,Ridhi
Abhilasha,abhilasha
Parth,Paarth,PARTHA
Farukh,farukh
surabhi,Surabhi,Surbhi,surbhi
Vineeth,Vanitha,Vinutha
Sudheer,Sudhir
Divyanshu,Divyansh,Divyanshi
mohan,Mohan,mohini,Maheena,MOHAN,Mohini
Konda,konda,KANDA
Ninad,Nandu
Raghav,RAGHAV,raghav
Shradha,Shraddha,shradha
arif,Arif,Arfaa
Samarth,samarth
Amandeep,amandeep
Omprakash,OMPRAKASH
AVINASH,Avinash,avinash,Avanish
Siddhi,Sudha,Sudhi
susmita,sasmita,Susmita
pawan,Pawan,PAWAN
RIYA,riya,Riya
Sravani,Saravana,Sravan
Bajrang,BAJRANG,bajrang
Sanya,Soniya
Neharika,Niharika
Rinu,Reenu,Raina,Rana,Runa,rini,Renu,renu,Rani,Reena,Rini
jitender,jitendra,Jitender,JITENDRA,jitendar,Jitendra,JATINDER,jeetendra
Anupama,Anupam
Simran,Samreen,simran,Samiran
satyam,Satyam
Mitali,Mitul
VAISHALI,Vishali,vishal,Vishal,VISHAL,Vaishali
Bhawna,bhanu,bhawna,Bhanu
ROHINI,Rehan,Rihan,Rohan,Rohini,rohini
sushma,Sushma
kiran,Kiran,Karan
Alankrita,alankriti,Alankrit
Yuvraj,Yuvaraj
Rika,RK
Rani,Reenu,Raina,Rana,Runa,rini,Renu,renu,Rinu,Reena,Rini
Anshu,Anish,anusha,Anisha,Ansha,Anusha
mohammed,Mohammad,Mohammed,MOHAMMED,Muhammed,muhammed,mohammad,Muhammad
Reshu,Rishi,Rashi,Rishu,Rusha
VINAY,Vinay,vinay,Vinny
Nitin,nitin
Arpit,Arpita,arpita
Kavita,kavita
Saahil,sahil,suhel,SOHAIL,Sahil,SAHIL,sahila,saahil
Abhay,ABHAY
Shahana,Shaheen,Shahina
Sayan,Sayoni,Sayon,Sayonee
Kuldeep,KULDEEP
ALOK,Alok,alka,Alka,alok
Shahbaz,shahbaz
Rishin,Raushan,Roshani,roshni,Roshini,Reshni,ROSHNI,Roshan,Roshni
Lokender,Lokendra
Kartikey,kartikey
AVIRAL,Aviral,aviral
Shristi,shristi
Nitu,neetu,NEETU,Neetu,Neeta
Ashwini,ashwini,Ashwin,Ashwani,ASHWINI
tirth,TIRTH
Abhishek Kumar,abhishek kumar
rachana,Rachna,RUCHIN,Rachana,Roochin
jai,Jui,joao,J,Jai,Joe,Jeh
bhanu,Bhawna,bhawna,Bhanu
Mayank,mayank,MAYANK
Any,Annie
Ravinder,ravindra,RAVINDRA,Ravendra,Ravindra
Gora,gauri,Gauri,Gouri
Shrey,Shree,shrey
PRADEEP,Pradeep,pradeep,pradip
Mariya,mariya
Brajendra,Brijendra
Dinesh,danish,DANISH,dinesh,Danish
Sonam,sonam
savita,Savita
BINAY,Binee
Vanshika,vanshika
Gauri,gauri,Gora,Gouri
Pragati,pragati
Sindhu,sunidhi
sunita,Sunita
Arnav,Arunava
Pratush,Paritosh,paritosh
Asim,ASEEM,Aseem,Asma
Sudheesh,Siddhesh
prabhjeet,Prabhjot
Shree,Shrey,shrey
Preeti,PREETI,parita,preeti,Priti,priti,Pritee
ritu,Ritu,REETU,Reeta,Rita
Nishith,NISHATH,Nishtha
AMAN,Aman,aman,aimen,Amaan
Razia,Riza,Rosi
ASHWINI,ashwini,Ashwin,Ashwani,Ashwini
ashish,Ashish,Asheesh,ASHISH
Bharati,Bharti,Bharat,BHARAT
Jaiveer,juveria
SIDDHARTH,Siddhartha,sidharth,Siddharth,Sidharth,siddharth
Akshay,Akshey,AKSHAY
sidharth,Siddhartha,SIDDHARTH,Siddharth,Sidharth,siddharth
Aruna,Arun
Shrishti,Shrashti
Md,MD
MAMTA,Mamata,mamta,Moumita,Mamta
Anirudh,anirudh
Mounata,Minit
Meenal,munil,Minalee,Manali,Minali,manali
Anjju,anju,Anju
Bittu,bittu
himanshu,HIMANSHU,Himanshi,himanshi,Himanshu
sowmya,Sowmya
Usha,usha
Rohan,Rehan,Rihan,ROHINI,Rohini,rohini
sujeet,Sujit,Sujata,sujata,Sujeet
Indu,INDU
siaf,Shafi,Shaffi,Shaifa
Arshi,Arushi,arushi,Arsh
PARDEEP,Pardeep,pardeep
Devender,Devendra,DEVENDRA,DEVINDER
Rishu,Rishi,Rashi,Reshu,Rusha
Tamina,Tamanna
BHASKAR,Bhaskar
Sanidhya,Sandhya,sandhya
Arnold,Arnaldo
Rosi,Riza,Razia
pinky,Pinky
Irum,Iram
Jai,Jui,joao,J,jai,Joe,Jeh
SURAJ,Seraj,siraj,saroj,Saroj,suraj,Suraj,srija,Sreeja
sagar,SAGAR,Sagar
Srikanth,sreekanth
Srinivas,Sreenivas
Suja,Siji,Sijo
Sam,SUMI,Saima,seema,Soma,Soumi,Seema,simmi
Vijay,vijay
Anusuya,ANUSUYA
Atul,atul,ATUL
Amalu,Amol,Amal
Sanjiv,sanjiv
arti,Arti,Arati
Smarath,Smruthi
Maaz,Miss,Ms
Sharath,shruthi
MOHAN,Mohan,mohini,Maheena,mohan,Mohini
garima,GARIMA,Garima
irshad,Irshad
SAMPADA,Sampad
Prantik,prantak
Afrien,Afreen
Poulomi,Poulami,Poulomee
yogesh,YOGESH,Yogesh
Shrashti,Shrishti
Siddharth,Siddhartha,SIDDHARTH,sidharth,Sidharth,siddharth
Shreeya,Shriya,shreya,Shreya,sharayu,Shreyaa,shareya,Sharayu
Anubhav,ANUBHAV
Tanisha,tanisha
Ansha,Anish,anusha,Anisha,Anshu,Anusha
Sonal,sonalee,sunil,Sunil,SUNIL,Suneel,sonal,Sonali
Dipika,deepak,deepika,Deepak,Dipak,Deepika,DEEPAK
Sony,Sunny
Harsha,harsha,HARISH,Harish,HARSH,Harsh,harsh
Vinita,Vaneet,Vinit,Vineet,vineeta,Vineeta
Neethi,Nitha
shantanu,Shantanu
monica,Monika,Manica,MONIKA,MOUNIKA,Mounika,monika,menaka,monicka,Mainak,Manika,Monica
pankaj,PANKAJ,Pankaj
Adnan,ADNAN
Rishab,Rishabh
Tej,Teja
Rakhi,rekha,Rekha
Rubina,Robin
Prashanth,prashanth
Kadiri,Koduri
Prosenjit,prasenjit,Prasenjit
sandeep,Sandip,SANDIP,SANDEEP,Sandeep
RK,Rika
Samrudhi,Samridhi,Smridhi
Punit,Pintu,puneet,Puneet,punit,Punita
Rashika,Rishika,RISHIKA
Sidharth,Siddhartha,SIDDHARTH,sidharth,Siddharth,siddharth
Smridhi,Samridhi,Samrudhi
PARAMANAND,parmanand,Parmanand
Ankesh,Ankush
Arzoo,Ariz
Utkarsh,utkarsh
Ramswaroop,RAMSWAROOP
Punita,Pintu,puneet,Puneet,punit,Punit
hina,Hena,Heena
varsha,Varsha
febin,Febina
govind,Govind,Govinda,GOVIND
Kanchan,kanchan
Anupam,Anupama
shefali,Shaifali,Shefali,Shifali,shaifali
mh,Mei,M
Masoora,MASEERA
Teena,TN,Tina,Tanu,Tania,Tannu
Rusha,Rishi,Rashi,Reshu,Rishu
Shwetank,shwetank
MANEESH,Munesh,maneesh,Manish,manish,Maneesh,Manesh,MANISH,Mohnish
ANJANA,Anjana
Pallvi,Pallavi
SABITA,Sabto
Faraaz,Faraz,firoz
ADARSH,Adarsh
Tarun,Taruna,tarun,TARUN,Tarini,Taran
Aakash,AAKASH
Dimpal,Dimple
kartikey,Kartikey
rajesh,Rajesh
SHASHANK,shashank,Shashank
Nirdosh,Nirdesh
TIRTH,tirth
Rajat,rajat
Sudhir,Sudheer
shareya,Shriya,shreya,Shourya,Shreya,sharayu,Shorya,Shreyaa,Shreeya,Sharayu
Vatsala,Vatsal
Sapana,Sapna,sapna
Seema,SUMI,Saima,seema,Soma,Soumi,Sam,simmi
akansha,Akansh,Akansha
Angad,Anngad
Farheen,Farhan
abhimanyu,Abhimanyu
Neha,neha,NEHA
Bhoomika,bhumik,bhumika,Bhumika
RUPESH,Rupesh,rupesh
PRIYANSH,priyanshu,Priyansh,Priyanshu,Priyansha
Subhash,subhash
Dharmender,Dharmendra,dharmendra
komal,Kamal,kamal,Komal,Komala
kumar,Kumar,KUMAR,Kumari,KUMARI
Yogesh,YOGESH,yogesh
ANGELAA,Angel
aimen,Aman,aman,AMAN,Amaan
Shobhika,Shubhika
shahbaz,Shahbaz
Surendra,SURENDRA,Surender,Surendar,surendra
surbhi,Surabhi,Surbhi,surabhi
Manika,Monika,Manica,MONIKA,Minkoo,MOUNIKA,Mounika,monika,menaka,monicka,Mainak,monica,Monica
Manu,Mannu,MANI,MONU,Monu,mannu,meenu,monu,Mona,Manie,mann,Meenu,MANU,Mani,Meena,muin,manu
AMULYA,Amulya,amulya
ARCHANA,Archana,Archna
Bhoopendra,Bhupender,Bhupendra
Jitin,Jatin,Jiten,jatin
sapna,Sapna,Sapana
Ramana,Roman,Raman,Rumana,Rumani
RAJA,Raj,Reeju,raju,Raja,Raju,raj,RAJ
sameer,Samra,Sameer,Sameera,Sumer,Samieraa
Sushma,sushma
shruthi,Sharath
Kushagr,Kushagra
MANOJ,manoj,manuj,MaNju,manju,Manoj,Manju
Samya,Saumya,Somya,somya,Soumya,saumya,SOUMYA,Sumaiya
UTSAV,Utsav
Twinkal,twinkle,Twinkle
Arsh,Arshi
Sajjan,SUJAN,SUJIN,Sajina,Sajin
Anand,ANINDO,anand
Neelesh,Nilesh,Nilsha
Janaina,Janani
Devanshu,Devansh,Devanshi
Reena,Reenu,Raina,Rana,Runa,rini,Renu,renu,Rinu,Rani,Rini
Dimple,Dimpal
aniket,ANKITA,ANIKET,ankita,Ankita,anikita,Aniket,ANKIT,Ankit,ankit
Puja,Pooja,puja,PUJA,pooja,POOJA
Shweta,Shawet,shweta
palak,Palak
Chetana,chetna,CHETAN,Chetan,Chetna,chetan
Gokula,gokul,Gokul
DEVENDRA,Devendra,Devender,DEVINDER
Amaan,Aman,aman,AMAN,aimen
Jasica,Jessica,Jassica
Lte,Lata
homesh,Himesh
Mehran,Merin
sujata,Sujit,Sujata,sujeet,Sujeet
Parvathi,Parvatha
Geetanjali,gitanjali
Kumari,Kumar,KUMAR,kumar,KUMARI
krishna,Krishn,Krishan,Krishna
samreet,Smrati,Samrat,Smriti
Farrah,Farah
naresh,Naresh,NARESH
Ghanshyam,Ghanshayam
keshav,Keshav,Keshava
Pinki,PINAK
Satyendra,satyendra
Sugandha,sugandha
Meenu,Mannu,MANI,MONU,Monu,mannu,meenu,monu,Mona,Manie,mann,Manu,MANU,Mani,Meena,muin,manu
Preety,preety,Pritee
SUDARSHAN,Sudarshan
sonam,Sonam
Pratiksha,Prateeksha,pratiksha
Udit,UDIT,Uditi
Jitendra,jitendra,Jitender,JITENDRA,jitendar,jitender,JATINDER,jeetendra
Parmanand,parmanand,PARAMANAND
Ramu,Rima,Rahmah,Remi,ram,Reema,Roma,Rama,Ram,RAM
payal,Piyalee,Payal,PAYAL
ANAMIKA,anamika,Anamika
VISHNU,Vishnu,vishnu
Komala,Kamal,kamal,Komal,komal
mahesh,Mahesh
Sharayu,Shriya,shreya,Shourya,Shreya,sharayu,Shorya,Shreyaa,Shreeya,shareya
NITESH,Nitesh,Nitish,Neetish,NITISH,Neetesh,Niteesh
Samiran,Samreen,simran,Simran
Kishore,Kishor,kishor,Kishori
Aashna,Aashini
Bhuvana,bhavani,Bhuvan,Bhavin,Bhavana
Bhupendra,Bhupender,Bhoopendra
SHUBHRA,Shubhra
Mithlesh,Mithilesh,mithilesh
dinesh,danish,DANISH,Dinesh,Danish
RANJAN,Ranjan,Ranjana
Sunita,sunita
Sameena,Samman,somani,Somani,Suman,Samin,SOUMINI,suman
Deepika,deepak,deepika,Deepak,Dipak,Dipika,DEEPAK
vivek,VIVEK,Vivek
JAYDEEP,Jaydip
ANSHUL,anshul,Anshul,Anshula
Susmita,sasmita,susmita
Anushree,ANUSHRI
GAURAV,Gourav,GOURAV,Gaurav,gaurav,Goaurav
Mohini,Mohan,mohini,Maheena,mohan,MOHAN
Prakash,prakash,PRAKASH
Amita,AMIT,Amit,amit
SUMIT,Samta,Sumeet,sumita,Sumat,Sumit,smita,SMITA,sumit,Sumita
Jay,jay
MANU,Mannu,MANI,MONU,Monu,mannu,meenu,monu,Mona,Manie,mann,Manu,Meenu,Mani,Meena,muin,manu
Shivani,shivani,Shavani
Sharma,sharma
Maneesh,Munesh,maneesh,Manish,manish,MANEESH,Manesh,MANISH,Mohnish
yogendra,Yogendra
shwetank,Shwetank
Ankit,ANKITA,ANIKET,ankita,Ankita,anikita,Aniket,ANKIT,aniket,ankit
Cherie,Charu,charu
Samrat,Smrati,samreet,Smriti
Ms,Miss,Maaz
Vidushi,Vidisha
atul kumar,Atul kumar
Pravesh,pravesh
santosh,Santosh,SANTOSH
Hari,Hare,Heri
Monica,Monika,Manica,MONIKA,MOUNIKA,Mounika,monika,menaka,monicka,Mainak,monica,Manika
PADMA,Padma,Padama,Padam
PINAK,Pinki
suresh,Suresh
Moseen,Mohsin,MUHSIN
Waseem,Wasim
Merin,Mehran
Saikat,saket,Saket
Ammar,Amir,Ameer,Amar,Ahmar
Shaifa,Shafi,Shaffi,siaf
Ripal,rupali,Rupali,Rupal
mohd,Mohd
Amar,Amir,Ameer,Ammar,Ahmar
Rohini,Rehan,Rihan,ROHINI,Rohan,rohini
Shantanu,shantanu
DEEPAK,deepak,deepika,Deepak,Dipak,Dipika,Deepika
shweta,Shawet,Shweta
vandana,Vandana,Vandna
bhumi,Bheem
diwakar,Diwakar
Varsha,varsha
NAGARAJAN,Nagarajan
SUBIR,Sabir
JATINDER,jitendra,Jitender,JITENDRA,jitendar,jitender,Jitendra,jeetendra
ganesh,Ganesh
jaya,Jaya,Jeya
Tanay,Tony
Suresh,suresh
Amit Kumar,AMEET KUMAR,Amit kumar,AMIT KUMAR
gokul,Gokula,Gokul
dr,DR,Dr
Peeyush,PIYUSH,Piyush,Peyush,piyush
ishani,Ishan,Ishaan,Ishanee
Manesh,Munesh,maneesh,Manish,manish,MANEESH,Maneesh,MANISH,Mohnish
Neeta,neetu,NEETU,Neetu,Nitu
Akshya,akshaya,Akshaya
Jagrati,Jagruti
Rumani,Roman,Raman,Rumana,Ramana
CHATANYA,Chaitanya
RISHIKA,Rishika,Rashika
abha,Abha,abhi,Abhi
satya,Satya
Vineet,Vaneet,Vinit,Vinita,vineeta,Vineeta
Palash,palash
Rateesh,RITESH,Ritesh,ritesh
Aksharaa,Akshar
Aishik,ashok,Ashok,ASHOK
Pritha,Preethi
Anggie,Angie
Mukul,mukul
Aline,Alina,Aleena
sumit,Samta,Sumeet,sumita,Sumat,Sumit,smita,SMITA,SUMIT,Sumita
Divisha,Divashu
Saloni,Salone,saloni
sharma,Sharma
sitesh,sitsh,satish,Satish
Kalyan,Kalyani
aayush,Aayush
Ajay,AJAY
Nada,Nida
Binod,Bindu
Sujoy,Sujay
ABHINAND,Abhinanda
anil,ANIL,Anil
Pramod,pramod,PRAMOD
Sumaiya,Saumya,Somya,somya,summaiyya,Soumya,saumya,SOUMYA,Samya
pratiksha,Prateeksha,Pratiksha
Devanshi,Devansh,Devanshu
dinesh kumar,Dinesh Kumar
Pritee,PREETI,preeti,Priti,preety,priti,Preeti,Preety
Ram,Rima,Rahmah,Remi,ram,Reema,Roma,Rama,Ramu,RAM
Srijan,Srujana,Srajan
Sai,SAI,S
ujjawal,Ujjawal,UJJWAL,ujjwal,Ujjwal
ADAPA,ADP
ISHA,ishu,Isha
Natasha,natasha
mukesh,MUKESH,Mukesh
Mani,Mannu,MANI,MONU,Monu,mannu,meenu,monu,Mona,Manie,mann,Manu,Meenu,MANU,Meena,muin,manu
SAKSHI,sakshi,Sakshi,siksha,Sakshee
SOURABH,saurabh,sourabh,Sourabh,Sorabh,Saurabh
Bikram,BIKRAM
Jagdish,jagdish
Omi,Om,OM
vineeta,Vaneet,Vinit,Vinita,Vineet,Vineeta
Ashima,Ashim,asheem
Danish,danish,DANISH,Dinesh,dinesh
Kishori,Kishor,kishor,Kishore
Shivaam,SHIVAM,shivam,Shivam
divya,Divye,Divya,DIVYA
Nilsha,Nilesh,Neelesh
Sayonee,Sayoni,Sayon,Sayan
SOUMINI,Samman,somani,Somani,Suman,Samin,Sameena,suman
Sachin,sachin,SACHIN
Roshini,Raushan,Roshani,roshni,Rishin,Reshni,ROSHNI,Roshan,Roshni
Smriti,Smrati,samreet,Samrat
Reshni,Raushan,Roshani,roshni,Rishin,Roshini,ROSHNI,Roshan,Roshni
Shavani,shivani,Shivani
Karandeep,Kirandeep
AMIT KUMAR,AMEET KUMAR,Amit kumar,Amit Kumar
ROSHNI,Raushan,Roshani,roshni,Rishin,Roshini,Reshni,Roshan,Roshni
Anjal,anjali,ANJALI,Anjali
SANDEEP,Sandip,SANDIP,sandeep,Sandeep
alankriti,Alankrita,Alankrit
Madhur,Madhuri,madhura
Shakti,shakti
Dhruva,Dhruv
Sonia,sonia,sonu,Sonu,seenu,Sania,Sinu,Soni,Sunnia
Ahmar,Amir,Ameer,Ammar,Amar
simmi,SUMI,Saima,seema,Soma,Soumi,Sam,Seema
Prasenjit,prasenjit,Prosenjit
Arvind,Aravind,ARAVIND,arvind
Bablu,BOBIL,Babli
sugandha,Sugandha
Vipin,vipin
Dhirendra,Dherender,DHIRENDRA
Sumer,Samra,Sameer,Sameera,sameer,Samieraa
PAVANI,PAVAN,Pavani,pavan,Paavni,Pavan
Nitha,Neethi
amandeep,Amandeep
Vivek kumar,Vivek Kumar
Rajnish,RAJNISH,Rajneesh
vinay,Vinay,VINAY,Vinny
bhawna,Bhawna,bhanu,Bhanu
Pranesh,Pranshu
RAM,Rima,Rahmah,Remi,ram,Reema,Roma,Rama,Ramu,Ram
AKSHAT,Akshat,akshata,Akshita,akshita,akshit,Akshit
ambrish,Ambrish
Abhinav,abhinav,ABHINAV
Arfaa,Arif,arif
Lalit,Lalita,lalit,LALIT
mohammad,Mohammad,Mohammed,MOHAMMED,Muhammed,muhammed,mohammed,Muhammad
sanjay,Sanjay,SANJAY
Rishikesh,Rushikesh
Naveen,Navin,NAVEEN
Anusha,anusha,Anisha,Anshu,Ansha
Ruchita,RACHIT,Rachit,Rachita
Anamika,anamika,ANAMIKA
CHANDAN,Chandana,Chandan,Chandani,Chandni
Mohinder,mahendra,Mahendra
ojas,Ojas
Sambhavi,Sambhav
vikrant,Vikrant
KETAN,Ketan
Prateek,Pratik,PRATIK,prateek
JAISON,Jasna,Joesin
Meghna,MEGHNA
deepa,Deep,Dipa,Deepa,DIPA
Mahendra,mahendra,Mohinder
Ritesh,RITESH,Rateesh,ritesh
amrita,Amrit,Amrita
SUSHANT,Sushant
Deepak Kumar,dipak kumar,DEEPAK kumar
Aayushi,aayushi,Aayushee
Roochin,Rachna,RUCHIN,Rachana,rachana
RAHUL KUMAR,Rahul Kumar
Avadhesh,avdhesh,Avdhesh
Greeshma,Grishma
Darshana,Darshini,Darshan
ekta,Ekta
ramesh,Ramesh
Priyansha,priyanshu,Priyansh,Priyanshu,PRIYANSH
SOMESH,Somesh
Avanish,Avinash,avinash,AVINASH
Himanshu,HIMANSHU,Himanshi,himanshi,himanshu
Karthi,Keerthi
Virender,Virendra,Veerender
Shahnawaz,Shahnwaz
Milan,Milena
DEEKSHA,diksha,Deeksha,Daksha,Daksh,Diksha
Deepti,deepti,Dipti
Ehshan,ehshan
Achal,ACHAL
GOVIND,Govind,Govinda,govind
chirag,Chirag,CHIRAG
Peyush,PIYUSH,Piyush,Peeyush,piyush
MANISH,Munesh,maneesh,Manish,manish,MANEESH,Maneesh,Manesh,Mohnish
Ruby,ruby
Himesh,homesh
Mukti,mukta
Brijendra,Brajendra
Niraj,Neerja,NEERAJ,NIRAJ,Neeraj
abhi,Abha,abha,Abhi
Manju,manoj,manuj,MaNju,manju,Manoj,MANOJ
Meena,Mannu,MANI,MONU,Monu,mannu,meenu,monu,Mona,Manie,mann,Manu,Meenu,MANU,Mani,muin,manu
shristi,Shristi
Sumita,Samta,Sumeet,sumita,Sumat,Sumit,smita,SMITA,SUMIT,sumit
Shailender,Shailendra,shailendra
simmy,Samay
Shabeena,Shobana
Arunava,Arnav
RICHA,Richa,richa,Ruchi
Dipti,deepti,Deepti
deepankar,Deepanker,Deepankar
pratyush,Pratyush,Pratyash
ARJUN,arjun,Arjun
Anshula,anshul,Anshul,ANSHUL
Amal,Amol,Amalu
DEVESH,Devesh
Sruti,Sarita,sarita,Seerat
siddharth,Siddhartha,SIDDHARTH,sidharth,Siddharth,Sidharth
Vineeta,Vaneet,Vinit,Vinita,Vineet,vineeta
bajrang,BAJRANG,Bajrang
Alia,Ali
ritesh,RITESH,Rateesh,Ritesh
akanksha,Akanksha
Geetesh,Gitesh
Rajesh,rajesh
BHARAT,Bharti,Bharat,Bharati
muin,Mannu,MANI,MONU,Monu,mannu,meenu,monu,Mona,Manie,mann,Manu,Meenu,MANU,Mani,Meena,manu
Archita,archit
Aayush,aayush
Ruchi,Richa,richa,RICHA
Saket,saket,Saikat
Veni,Vinai,Veena,Vani,vanni,Vini
Alankrit,Alankrita,alankriti
kanika,Kanika
MUHSIN,Mohsin,Moseen
Srajan,Srujana,Srijan
ATUL,atul,Atul
Roshan,Raushan,Roshani,roshni,Rishin,Roshini,Reshni,ROSHNI,Roshni
prateek,Pratik,PRATIK,Prateek
Dr,DR,dr
Sandeep,Sandip,SANDIP,sandeep,SANDEEP
sushila,Sushil,Susheel,sushil
asheem,Ashim,Ashima
Nandu,Ninad
kaustubh,Kaustubh,kastubh
shrey,Shrey,Shree
Gouri,gauri,Gora,Gauri
Swati,swati,sweta,Sweta,SWATI
NIRAJ,Neerja,NEERAJ,Niraj,Neeraj
Kunal,kunal
Shani,Sheena,Shanu,Sheen
Sreeja,Seraj,siraj,saroj,Saroj,suraj,Suraj,srija,SURAJ
nikita,Nikita,NIKITA
surendra,SURENDRA,Surender,Surendar,Surendra
Yasmin,YASMIN
Irshad,irshad
Sruthi,Suratha,sruthi
Krunal,krunal
hemant,HEMANT,Hemant
Vinay Kumar,vinay kumar
Vatsal,Vatsala
Babli,BOBIL,Bablu
DHIRENDRA,Dherender,Dhirendra
Tapas,Tapsi
neeru,Neeru
Fatimah,Fatima,Fatema
Study,study
Vinny,Vinay,VINAY,vinay
Bhumika,bhumik,bhumika,Bhoomika
Jassica,Jessica,Jasica
Zion,Zeenia,Zaina
ANOOP,anoop,Anup,Anoop
Akshar,Aksharaa
Sakshee,sakshi,Sakshi,siksha,SAKSHI
Bhanu,Bhawna,bhanu,bhawna
Rini,Reenu,Raina,Rana,Runa,rini,Renu,renu,Rinu,Rani,Reena
Amrita,Amrit,amrita
ASHUTOSH,ashutosh,Ashutosh
shreedhar,Shridhar
Shalini,shalini
Samieraa,Samra,Sameer,Sameera,sameer,Sumer
Sujeet,Sujit,Sujata,sujeet,sujata
Subhadeep,subhadip,Subhodeep
sanjiv,Sanjiv
Srishtti,Srishti
RAVI,ravi,Ravi
rohini,Rehan,Rihan,ROHINI,Rohan,Rohini
Renjit,Ranjita,Ranjit,Ranjeet
MRIDULA,mridula,Mridula,Mridul
Ravendra,ravindra,RAVINDRA,Ravinder,Ravindra
SURYA,surya,Surya
vibhav,vaibhav,Vaibhav,Vaibhavi,Vibhav
Tejaswini,tejaswani
Mohd,mohd
ankit,ANKITA,ANIKET,ankita,Ankita,anikita,Aniket,ANKIT,aniket,Ankit
Rita,Ritu,REETU,Reeta,ritu
Vertika,vartika,Vartika
shuchi,Shachi
Neena,nan,Naina,Nani
Venktesh,Venkatesh
Rajashekher,Rajashekhar
Rohit,Rohita,rahat,rohit,ROHIT
sweety,Sweety
Sounak,Sonika,sanika
Roshni,Raushan,Roshani,roshni,Rishin,Roshini,Reshni,ROSHNI,Roshan
Shubham,shubham,SHUBHAM
Mahesh,mahesh
Aleena,Alina,Aline
jeetendra,jitendra,Jitender,JITENDRA,jitendar,jitender,Jitendra,JATINDER
krati,kriti,Krati,Kriti
Heri,Hare,Hari
Vibhav,vaibhav,Vaibhav,Vaibhavi,vibhav
Poornima,Purnima
Sahina,Sahana,Sohan,Suhani,sohan
Sarajit,Sarjeet,Srijita
Abhi,Abha,abha,abhi
Surya,surya,SURYA
charu,Charru,Charu,Cherie
ikbal,Ikbal
Purushuttam,Purushottam
Matheus,Maths
study,Study
sankait,sanket,SANKET,Sanket
yogita,Yogita
Farhat,FARHAT
amulya,Amulya,AMULYA
nitin,Nitin
Pritam,preetam,Pratima,Preetam
sohan,Sahana,Sohan,Suhani,Sahina
Joe,Jui,joao,J,jai,Jai,Jeh
Mohnish,Munesh,maneesh,Manish,manish,MANEESH,Maneesh,Manesh,MANISH
Shaillee,Shailee,Shelly,Shallu,shally
Paaras,Paras
Saurabh,saurabh,sourabh,Sourabh,Sorabh,SOURABH
Piyush Kumar,Peeyush Kumar
Purushottam,Purushuttam
satendra,SATENDRA,Satender,Satendra
Swathi,Swetha
Gokul,Gokula,gokul
Akshit,Akshat,akshata,Akshita,akshita,akshit,AKSHAT
ASHISH,Ashish,Asheesh,ashish
Pratyash,Pratyush,pratyush
Jeh,Jui,joao,J,jai,Jai,Joe
samarth,Samarth
BL,Bala,Balu
prashanth,Prashanth
PRASANNA,Prasanna,Praseena
Alapan,Alpana
manali,munil,Minalee,Manali,Minali,Meenal
Madhav,MADHAV
siva,Siva
dheeraj,Dheeraj,DHEERAJ,DHIRAJ,Dhiraj
Neeraj Kumar,Neeraj kumar
MADHAV,Madhav
Deepankar,Deepanker,deepankar
Appoorve,Apurv,Apoorve,apurva,Apoorv,Apoorva,Apurva
ADITYA,adutiya,aditya,Aditya
HIMMAT,Himmat
manu,Mannu,MANI,MONU,Monu,mannu,meenu,monu,Mona,Manie,mann,Manu,Meenu,MANU,Mani,Meena,muin
piyush,PIYUSH,Piyush,Peeyush,Peyush
DEVINDER,Devendra,Devender,DEVENDRA
Ujjwal,Ujjawal,UJJWAL,ujjwal,ujjawal
Isha,ishu,ISHA
Karthik,Karthick,Karthika,karthika
chandra,Chandra
Arpan,arpana
Sanket,sanket,SANKET,sankait
Ravindra,ravindra,RAVINDRA,Ravinder,Ravendra
DIPA,Deep,Dipa,Deepa,deepa
Mandeep,MANDEEP,Mondip,mandeep
AJAY,Ajay
INDU,Indu
Binee,Ben,bano,BINAY
abhishek,ABHISHEK,Abhishek
suman,Samman,somani,Somani,Suman,Samin,Sameena,SOUMINI
Muhammad,Mohammad,Mohammed,MOHAMMED,Muhammed,muhammed,mohammed,mohammad
Kusuma,kusam,kusum
khushbu,khushboo,Khushbu,Khushboo
Vishwajit,VISHWAJEET
KUMARI,Kumar,KUMAR,kumar,Kumari
Samay,simmy
saahil,sahil,suhel,SOHAIL,Sahil,SAHIL,sahila,Saahil
Apurva,Apurv,Apoorve,apurva,Apoorv,Apoorva,Appoorve
SANJAY,Sanjay,sanjay
LaxmiKant,Laxmikant
RASHMI,Reshma,rashmi,Resham,Reshmi,Rashmi
Reetik,Ritika,Retik,Ritik
Devesh,DEVESH
Sunnia,sonia,sonu,Sonu,seenu,Sania,Sinu,Soni,Sonia
Neeraj,Neerja,NEERAJ,Niraj,NIRAJ
Sonali,sonalee,sunil,Sunil,SUNIL,Suneel,sonal,Sonal
Rishabh,Rishab
