Last Name,Similar Last Names
Raj,Raja,RAJ,Raju,raj
Roshan,Roshni
Nehraa,Nair,Nehra,Noori
beniwal,baniwal,Beniwal
Bhatia,bhatia,Bhutia
shekhar,Shikhar,Shekhar
Mendiratta,Mehndiratta
Dasan,Dasani,Dusane
Prasad,PRASAD,prasad
Bhoj,bhoj
gaur,Gaur,gora,Gore,GURU,GAUR,GOUR,gour,Gour
Ghei,ghai
Live,Leuva,Lav
Chaurasia,Chourasia,CHOURASIA
Thote,Thota
Chirania,charan,Charan
mahala,Mohile,Mahala
TIWARI,Tiwari,tiwari,Tewari
thakur,Thakare,Thakkar,Thakur,THAKUR,Thakker,Thakore
shah,Sha,Sh,Shah
Choudhury,Chaudhary,Choudhary,chaudhary,choudhary,CHAUDHARY,chaudhury
GEHLOT,Gehlot
Barman,Birhmaan
kapoor,Kapur,Kapoor
chanchal,chincholi,Chincholi
Gera,Giri,GIRI,giri
SRIVASTAVA,srivastava,SrivastaVa,srivastav,Srivastav,Srivastava,Srivasatava
Syed,syed
Jee,Jai,Ji,Joy,J
Chowdhury,chowdhury,Chowdhary,chowdhary
Ansh,Anshu
Gunaki,Goenka
Kishor,kishor,Kishore,kishore,Keshri,Keshari
Sultana,Sultan
rawat,Rawat,RAWAT
Patil,Patle,PATEL,patul,patel,Patel,patil
Diwan,Dewan
kasera,Kausar,KOSARI
Prince,prince
MANDAL,Mandal,Mandloi,Mondal
Chaudhary,Choudhury,Choudhary,chaudhary,choudhary,CHAUDHARY,chaudhury
Rajani,Rajan
Kawre,Kori,Kaur,KAUR,Kore,KEHRI,kaur,kori,Kar
Panth,Punetha
DHIMAN,dhiman,Dhiman
SATAPATHY,Satapathy
Kathuria,KATHURIA,Kothari
RAJWADE,Rajwade
raut,Raut,Rout
Suthar,suthar
Maths,MATHS
marumamula,Marumamula
Jitani,Jatain
narula,Nirala,Narula,Nirali,nirali
gopani,Gopan
Bagade,Bagad
Uddin,Udani,UDDIN
BALA,Bahl,BEHL,Behl,bala,Bali,Bal,Bale,Bala
Nair,Nehraa,Nehra,Noori
Gurjar,GURJAR
Arora,arora,ArorA
Gole,goel,Gali,Gulia,Goli,Goel
Kavia,KV,Kv
Tomar,tomar
Bansal,bansal
Kazmi,Kazim,KAZMI
sunkara,Sankari,Sonker,sankar,Sonkar
s,Sai,Sah,sa,S,sah
Chouhan,CHAUHAN,Chauhan,chouhan,chauhan
KRISHNA,Krishana,krishna,Krishan,Krishna,Krshnaa
Patle,Patil,PATEL,patul,patel,Patel,patil
MOHANAN,Mohanan
Parashari,prashar,Parashar,Parasher,PARASHAR,PARASHRI,parashar
kishor,Kishor,Kishore,kishore,Keshri,Keshari
solanki,Solanke,Solanki
CHAUHAN,Chouhan,Chauhan,chouhan,chauhan
sheikh,Sheikh,Shaikh
kumar singh,KUMAR SINGH,Kumar singh,Kumar Singh
kale,Kale,Kaul,Kohli,kolli,Kolli,Kalia
Venkitesh,Venkatesh
Upadhyay,UPADHYAY,upadhyay
dhiman,DHIMAN,Dhiman
kukna,kookna,KUKNA
mathur,Mathur
Binju,Benji
Chaudhry,Choudhry,chaudhry
lal,LAL,Lali,Lal,LILA,lala
ansar,Ansari,Ansar
bhagat,Bhagat,BHAGAT
Rode,Redu
RAO D,R D
vyas,Vyas
ojha,Ojha
Suban,Subbian
zohra,zara,Zohra
Mohammed,Mohammad,Muhammed,Mohamed
Khandelwal,KHANDELWAL,khandelwal
Krishnan,krishnan
Dange,dangi,Dangi
Dhaka,dhaka
REDDY,Reddy,reddy
Bhadauria,Bhadoria,Bhadouria,bhadauria,Bhadra
Kumar,Kumari,kumari,kamar,kumar,KUMAR
HUSSAIN,HOSSAIN,Hasan,hasan,Hussain,Hossain,Hassan,hussain
jha,Jha
kumar saha,Kumar Sahu,Kumar Sahoo
Anujan,anjani
Sai,s,Sah,sa,S,sah
Ghosal,Ghoslia,Ghazal
mehta,Mehta,Matta,MEHTA,mehto,Mohta,Mehto,Mahto
rathour,rathor,rathaur,RATHORE,Rathore,Rathour,Rathor,rathore,Rathaur
Sethi,Seth,sethi
kindo,Kanodia,kanodia,Kandoi,Kundu
Kumar Sahu,kumar saha,Kumar Sahoo
Sha,shah,Sh,Shah
pawar,Pawar
SK,sk,Sk
Mehdi,Modi,Mohd
baniwal,beniwal,Beniwal
Vatsa,Vats,vats
PAUL,pal,Pal,Paul
sivakumar,Sivakumar
nath,Nath,NATH
Dave,Deva,DEVI,Devi,devi,Dev
Sisodia,sisodia
Madaan,madan,Moideen,Madan
Dewan,Diwan
pratap,Pratap
Krishana,KRISHNA,krishna,Krishan,Krishna
Ram,Romeo,ram,RAM
Romeo,Ram,ram,RAM
aggarwal,Agarwal,AGARWAL,Agarwala,Aggarwal,agarwal
Karna,Karan,Karn,KIRAN
sachan,Sachan,SACHAN,SACHIN
Delu,dolia,Deol,Dalai,Dall
sehgal,Sehgal
Sawarn,SAWARN
Jonwal,jonwal
Dewangan,dewangan
Suheb,Sahab
Viswan,Vaswani
tripathi,Tripathi,TRIPATHI
Shikhar,shekhar,Shekhar
Saini,sain,soni,Sonu,Sahni,Soni,sen,Sen,SAINI,sahni,SONI,saini
Hatti,HOTA
Nagaraj,Nagaraja,NAGARAJU
Umira,Umar
Varshnay,varshney,Varshney,VARSHNEY
varma,VERMA,Varma,Verma,verma
Nazir,NASIR
Dogra,Dagar,Dagur
NS,naz,Naaz
Mourya,maurya,Mariya,Maurya,mourya
SAXENA,saxeena,saxena,Saxena
Saraswat,saraswat
Sankari,sunkara,Sonker,sankar,Sonkar
Jai,Jee,Ji,J
Gehlot,GEHLOT
Negi,negi,Nagi
Gujjar,gajjar,Gajera
R,RAO,rao,Rai,rai,RAI,Rao
katyayan,KATYAYAN
katiyar,Katiyar
Kaurav,Kuruva
malhotra,Malhotra
kadiyan,Kadyan
Nahar,nahar
benerji,Banerjee
Nayak,nayak,NAYAK
Navin,Naveen
Mitali,Mittal,mittal
Chandela,Chandola,Chandel
rathi,Rath,Rathi,Rathee,RATHEE,Ruth
menon,Menon,MENON
Damania,Dumane
Methi,Muth,Metha
Ttanwar,Tanwar,tanwar
bishnoi,Bishnoi
Kumar Mishra,kumar Mishra,KUMAR MISHRA,kumar mishra
Prateek,Pratik
Rath,rathi,Rathi,Rathee,RATHEE,Ruth
kumar prajapat,Kumar Prajapati,Kumar prajapat
Sundar,Sunder,SUNDAR
khan,Khan,kheni,Khanna,KHAN
Tawre,Tarei,Toor,Tora
KATHURIA,Kathuria,Kothari
pant,Pant
Kalore,kolluru,kularia,kalra,Kalra
gupta,GUPTA,Gupta
DAS,Dass,das,DIAS,Das
DATTA,Dutta,dattu,Datta,Dutt,Datt
Bubna,Babani,Boben,Biban
kumar pathak,Kumar Pathak
goel,Gole,Gali,Gulia,Goli,Goel
Milki,MALIK,MALUKA,malik,Malik
Saifi,Sofia,saifi
Saboo,Sabu
Agrwal,Agarwal,agrawal,AGARWAL,Agrawal,Agarwala,agarwal
Dagar,Dogra,Dagur
Tiwari,TIWARI,tiwari,Tewari
Hada,hada,Huda,heda
Siddique,siddiqua,Siddiqui
Pourush,Parsha
Sutaria,Sattar
dewangan,Dewangan
Dass,DAS,das,DIAS,Das
Tr,Tarei,TREE,Toor,Tora
Kumar jha,kumar jha,Kumar Jha,Kumari Jha
chowdhury,Chowdhury,Chowdhary,chowdhary
Gaurav,GAURAV,gaurav,Gourav
Sakh,seikh
mehra,Mor,Mehra,MARU,more,Moura,Mir,More
sachdeva,Sachdeva,Sachdev
maurya,Mourya,Mariya,Maurya,mourya
zara,zohra,Zohra
Kulakarni,Kulkarni,kulkarni
Khatri,KHATRI
Bonde,Bandi
shanker soni,Shankar Soni
Shandilya,SHANDILYA
mudgal,Mudgal
Kulkarni,Kulakarni,kulkarni
Ahmad,AHMAD,Ahmed,ahmed,ahmad
Thakral,Thukral
ahuja,Ahuja
Modi,Mehdi,Md,Mohd
Kumawat,kumawat
ANDREWS,Andrews
pathak,PATHAK,Pathak
Bharat,bharti,Bharati,Bharti
rawal,Rawal
Samuel,Samala
Thukral,Thakral
GANGWAR,gangwar,Gangwar
Mishra,MISHRA,mishra
kumar maurya,Kumar Maurya
Mane,maan,MANI,Mann,MEENA,Maan,Meena,Mani,meena,Man
Ash,Ashia,Ashu
Kanodia,kindo,kanodia,Kandoi,Kundu
Khan,khan,kheni,Khanna,KHAN
Tyagi,TYAGI,tyagi
vidyarthi,Vidyarthi
Taneja,taneja
gandotra,Gandotra
Sanghi,Singha
Dey,dey
arora,Arora,ArorA
Sansaniwal,SanSaniwal
sorout,Sorout,SARITA
VISHANOI,vishnoi,Vishnoi
dangi,Dange,Dangi
Leuva,Live,Lav
Babani,Bubna,Boben,Biban
madan,Madaan,Moideen,Madan
Mohammad,Mohammed,Muhammed,Mohamed
Kumar Nirala,KUMAR NIRALA
Zaidi,Zade,ZAIDI
sikarwar,Sikarwar,SIKARWAR
Chatterjee,chatterjee
MISHRA,Mishra,mishra
Sehgal,sehgal
Behera,Bihari
joshi,JOSHI,Joshi
bagle,Bagla
KUMAR PANDEY,kumar Pandey,Kumar Pandey,kumar pandey
sekra,Sekar,Sekra
Shahid,Shahidi,Shahade
kadam,Kadam
Siroha,Sirohi
bairwa,Bairwa
Kawatra,Kwatra
Kori,Kawre,Kaur,KAUR,Kore,Kr,KEHRI,kaur,kori,Kar,kr,KR
Bhalla,bhole
Jandial,Jindal,jindal
tiwari,TIWARI,Tiwari,Tewari
Mallik,MALIK,MALUKA,Mullick,Mallick,malik,Malik
Saloni,Solan
pandit,Pandit,Pandita
Bajaj,bajaj
Bathla,BATHULA
Tarei,Tawre,Tr,Toor,Tora
bhutani,Bhutani
dhillon,Dholani,Dhillon
Shaik,shaik
Pathan,Pathania
Choudhary,Choudhury,Chaudhary,chaudhary,choudhary,CHAUDHARY,chaudhury
Sheoran,Shirin,Sharan
Babel,BABAL
Thakare,thakur,Thakkar,Thakur,THAKUR,Thakker,Thakore
Aryan,aryan
anamsha,Animesh
bhatt,Bhatt,bhat,Bhati,Bhat
Komal,Kamal,Komali
Challa,Chawla,Chaulia
bajpai,BAJPAI,Bajpai
maan,Mane,MANI,Mann,MEENA,Maan,Meena,Mani,meena,Man
Mor,mehra,Mehra,MARU,more,Moura,Mir,More
Sh,shah,Sha,Shah
Lathi,Lathia
Risham,Reshmaa
taneja,Taneja
Kumar Sharma,Kumar sharma,KUMAR SHARMA,kumar sharma
Kalikeri,Kelkar,KOLEKAR,Kolkar,Kolekar
Kanwar,Kunwar,kanwar
Borse,barse
Surana,saran,Saran,Sareen
Bandi,Bonde
Bohra,Baira,Barai,beri,Boora,Barui,bora,Bora
KUMAR SINGH,kumar singh,Kumar singh,Kumar Singh
Bist,Basit,Basta
Yadava,yadav,Yadav,YADAV
HOTA,Hatti
BOTHRA,Bothra,Bothara
HOSSAIN,HUSSAIN,Hasan,hasan,Hussain,Hossain,Hassan,hussain
bhadoriya,Bhadouriya,Bhadoriya,Bhadauriya
Prakash Sharma,prakash sharma
kumar Pandey,KUMAR PANDEY,Kumar Pandey,kumar pandey
Lee,LA,L
Bhatt,bhatt,bhat,Bhati,Bhat
Roy,roy,RAY,ROY,Ray
Danish,Dinesh,danish
Selvaraj,selvaraj
Mandal,MANDAL,Mandloi,Mondal
Mulani,Malani
siddiqua,Siddique,Siddiqui
SAGAR,Sagar,saguru,sagar
Patani,Patni
pratap singh,Pratap Singh,pratap Singh,Pratap singh
bansal,Bansal
BATHULA,Bathla
Agarwal,aggarwal,Agrwal,AGARWAL,Agarwala,Aggarwal,agarwal
mahanta,Mohanta,Mahanta
Mandloi,MANDAL,Mandal,Mondal
AHMAD,Ahmad,Ahmed,ahmed,ahmad
Sunder,Sundar,SUNDAR
Sidhu,sodha,sudha
Khera,Khari,Khare,khare
GOSWAMI,goswami,Goswami
pahwa,Pahwa
ram,Ram,Romeo,RAM
sandhu,Sandhu,SINDHI
Rajveer,Rajvir
Kumar Verma,KUMAR VERMA
Chandna,Chandani,chandan,Chandana
ghai,Ghei
Kogade,Kagde,Kagdi
Manda,Mand
prakash sharma,Prakash Sharma
Razak,RASIK
Sachan,sachan,SACHAN,SACHIN
Ponnada,PONNADA
Vashisth,Vashisath,vashisth,Vashistha
anjani,Anujan
Sarraf,SARAF,Saraf,sarraff
Parihar,Parihari,parihari
John,jena,jain,Jani,Jena,Jana,JAIN,Jain
Sahab,Suheb
Reddy,REDDY,reddy
Ingole,Ingle
Fatima,FATEMA
Prabhu,prabha
Parihari,Parihar,parihari
sain,Saini,soni,Sonu,Sahni,Soni,sen,Sen,SAINI,sahni,SONI,saini
Khurana,khairrun,KHURANA
Zeeshan,Zishan
Sah,s,Sai,sa,S,sah
PR,Peer,PURI,Pour,Puri
Redu,Rode
Baira,Bohra,Barai,beri,Boora,Barui,bora,Bora
Naik,Nakka
Kale,kale,Kaul,Kohli,kolli,Kolli,Kalia
veer,Vohra,vohra,Veer,Vora,VR
mitra,Maitra,MITRA,Mitra
Memon,Momin
kaushik,Kaushik
Bhatnagar,bhatnagar
Chaubey,Chaubay,choubey,Choubey
Chandani,Chandna,chandan,Chandana
Kumari,Kumar,kumari,kamar,kumar,KUMAR
Dhankher,Dhankhar
Bagad,Bagade
Subbian,Suban
Khetan,Khatana
Ali,Alli
krishnan,Krishnan
Raina,Rani,Rana,RANI,rana,rani
Barai,Bohra,Baira,beri,Boora,Barui,bora,Bora
Pratap Singh,pratap singh,pratap Singh,Pratap singh
PATEL,Patil,Patle,patul,patel,Patel,patil
roy,Roy,RAY,ROY,Ray
kaushal,koshal,Kaushal
Hasan,HUSSAIN,HOSSAIN,hasan,Hussain,Hossain,Hassan,hussain
chandan,Chandna,Chandani,Chandana
Saha,Sahu,SAHU,SAHA,Sahoo,sahu,saha
kumar jha,Kumar jha,Kumar Jha,Kumari Jha
Mall,Mali,Mulla,Melo,Mehla,MEHLA
mishra,Mishra,MISHRA
Mohanta,mahanta,Mahanta
kumawat,Kumawat
Pujara,Pujari
jena,John,jain,Jani,Jena,Jana,JAIN,Jain
Gandi,Gondi,GOND
mahajan,Mahajan
goswami,GOSWAMI,Goswami
sisodia,Sisodia
Zade,Zaidi,ZAIDI
aryan,Aryan
Dalal,dalal
rathor,rathour,rathaur,RATHORE,Rathore,Rathour,Rathor,rathore,Rathaur
Singh Rajput,Singh rajput,singh rajput
Bhinder,Bhandari,Bhandare
Mariya,Mourya,maurya,Maurya,mourya
Mohanan,MOHANAN
soni,Saini,sain,Sonu,Sahni,Soni,sen,Sen,SAINI,sahni,SONI,saini
Mahaur,meher,Mahore
Paliwal,palliwal
Nag,Naga
Khader,KHODRE
pradhan,Pradhan
Siddu,SOUDI,Sood,Sud
negi,Negi,Nagi
Chander,chandra,Chandra
KHANDELWAL,Khandelwal,khandelwal
Smita,Samota
Ojha,ojha
Maheshwari,maheshwari
Deva,Dave,DEVI,Devi,devi,Dev
Mahanta,mahanta,Mohanta
Sachdeva,sachdeva,Sachdev
Vikash,vikash
Rahmani,raman,Rahman,Rohman,rehman,Rehman
Kaul,kale,Kale,Kohli,kolli,Kolli,Kalia
Hazra,Hazaria
kashive,Keshav
dubey,Dubey,DUBEY
hasan,HUSSAIN,HOSSAIN,Hasan,Hussain,Hossain,Hassan,hussain
kookna,kukna,KUKNA
GUPTA,gupta,Gupta
Dhar,Dhir,Dharia
dolia,Delu,Deol,Dalai,Dall
Dwivedi,dwivedi,DWIVEDI
Menon,menon,MENON
babu,Babu,BABU
Khari,Khera,Khare,khare
Goyal,GOYAL,goyal
Bhadouriya,bhadoriya,Bhadoriya,Bhadauriya
Parsha,Pourush
Durai,dawra,Deora,Dar
prashar,Parashari,Parashar,Parasher,PARASHAR,parashar
singhal,Singhal
Vishwakarma,vishwakarma
Godara,GODARA
Aggrawal,agrawal,Agrawal
Pant,pant
kumar bharti,KUMAR BHARTI
Ahlawat,ahlawat
tomar,Tomar
Ranjan,ranjan,RANJAN
chaudhary,Choudhury,Chaudhary,Choudhary,choudhary,CHAUDHARY,chaudhury
Batra,batra
Kapila,Kapil,kapila,Kuppili,Kapile
Kataria,Katare
Parashar,Parashari,prashar,Parasher,PARASHAR,PARASHRI,parashar
Kumar Pathak,kumar pathak
Muth,Methi,Metha
Chanda,Chand
nahar,Nahar
Kuruva,Kaurav
bandaru,bondre,Baindara
garg,Garg,GARG
KASHYAP,kashyap,Kashyap
Chauhan,Chouhan,CHAUHAN,chouhan,chauhan
Mehta,mehta,Matta,MEHTA,mehto,Mohta,Mehto,Mahto
Sandhu,sandhu,SINDHI
Jayani,jyani
Kahlon,Kalani,Kalonia
Hussain Qureshi,hussain qureshi
Kausar,kasera,KOSARI
Vijjayvargiya,VijayVargiya
ranjan,Ranjan,RANJAN
Giri,Gera,GIRI,giri
KUMAR ROY,Kumar Ray,Kumar Rai
chandra,Chander,Chandra
Ansari,ansar,Ansar
chaturvedi,CHATURVEDI,Chaturvedi
Sahu,Saha,SAHU,SAHA,Sahoo,sahu,saha
Balodi,Balodia
Thakkar,thakur,Thakare,Thakur,THAKUR,Thakker,Thakore
kanodia,kindo,Kanodia,Kandoi,Kundu
Ingle,Ingole
Goswami,GOSWAMI,goswami
suthar,Suthar
Nehra,Nehraa,Nair,Noori
Atal,ATUL,Ataullah
Maurya,Mourya,maurya,Mariya,mourya
Rathi,rathi,Rath,Rathee,RATHEE,Ruth
Chaubay,Chaubey,choubey,Choubey
parveen,PARVEEN,Parveen
UPADHYAY,Upadhyay,upadhyay
ghosh,Ghosh,GHOSH
Khanum,Khanam
Gaur,gaur,gora,Gore,GURU,GAUR,GOUR,gour,Gour
choubey,Chaubey,Chaubay,Choubey
Peer,PR,PURI,Pour,Puri
Singh Rana,SINGH RANA
Kapur,kapoor,Kapoor
KATYAYAN,katyayan
keni,Kane,Keen
shrivastava,Shrivastav,Shrivastava
Kelkar,Kalikeri,KOLEKAR,Kolkar,Kolekar
khairrun,Khurana,KHURANA
RAO,R,rao,Rai,rai,RAI,Rao
ANAND,anand,Anand,Anant
naz,NS,Naaz
Sikarwar,sikarwar,SIKARWAR
sk,SK,Sk
Raj Singh,Raj Soni
dan,DAN
Sekar,sekra,Sekra
Choubey,Chaubey,Chaubay,choubey
Sahani,Suhania
Kumar S,kumar s
Chhillar,chhillar
prajapat,PRAJAPATI,prajapati,Prajapati
KODELA,kudale
Topre,Tapare
SAHU,Saha,Sahu,SAHA,Sahoo,sahu,saha
PANDEY,Pandey,Panday,pandey
MALIK,Milki,Mallik,MALUKA,Mullick,Mallick,malik,Malik
KUMAR NIRALA,Kumar Nirala
Gaikwad,GAIKWAD
jolly,Jolly
Nirala,narula,Narula,Nirali,nirali
SHARMA,Sharma,sharma
gora,gaur,Gaur,Gore,GURU,GAUR,GOUR,gour,Gour
Kishore,Kishor,kishor,kishore,Keshri,Keshari
dixit,Dixit
vashishtha,Vashishtha
Sonu,Saini,sain,soni,Sahni,Soni,sen,Sen,SAINI,sahni,SONI,saini
NIGAM,nigam,Nigam
Ansar,ansar,Ansari
Chakrabarty,Chakraborty,chakraborty,CHAKRABORTY
kishore,Kishor,kishor,Kishore,Keshri,Keshari
Kumar Ray,KUMAR ROY,Kumar Rai
PRAJAPATI,prajapat,prajapati,Prajapati
Ramachandran,ramachandran
Sekra,sekra,Sekar
Kushwah,KUSHWAH,kushwah
Raghava,Raghav
patul,Patil,Patle,PATEL,patel,Patel,patil
Ashia,Ash,Ashu
Teja,Tej
chakrabarti,Chakrabarti
Bahl,BALA,BEHL,Behl,bala,Bali,Bal,Bale,Bala
Chandra,Chander,chandra
basa,bose,BASU,Basu,Bose
Sd,SOUDI,Sood,Sud
Sivakumar,sivakumar
MANI,Mane,maan,Mann,MEENA,Maan,Meena,Mani,meena,Man
Kumar sharma,Kumar Sharma,KUMAR SHARMA,kumar sharma
priya,PRIYA,Priya
Gauttam,GAUTAM,Gautam,gautam
imam,Imam
jain,John,jena,Jani,Jena,Jana,JAIN,Jain
jadhav,Jadhava,Jadhav
Nagi,Negi,negi
SUNDAR,Sundar,Sunder
Hazaria,Hazra
ahlawat,Ahlawat
Matta,mehta,Mehta,MEHTA,mehto,Mohta,Mehto,Mahto
Sattar,Sutaria
Rajesh,RAJESH
Ghoslia,Ghosal
Gali,Gole,goel,Gulia,Goli,Goel
Siraj,Suraj,saroj
kashyap,KASHYAP,Kashyap
Hussain,HUSSAIN,HOSSAIN,Hasan,hasan,Hossain,Hassan,hussain
dip,deepi,Deopa
Suraj,Siraj,saroj
Pathania,Pathan
Boudh,Baid,Bedi,baid,bedi
pal,PAUL,Pal,Paul
Dhiman,DHIMAN,dhiman
chincholi,chanchal,Chincholi
Shrivastav,shrivastava,Shrivastava
Shakya,shakya
singh,Singh,SINGH
kumar shukla,Kumar Shukla
Guin,Gune
Seth,Sethi,sethi
chouhan,Chouhan,CHAUHAN,Chauhan,chauhan
Khare,Khera,Khari,khare
Kaur,Kawre,Kori,KAUR,Kore,Kr,KEHRI,kaur,kori,Kar,kr,KR
Poddar,Podder
Gandhi,gandhi
jalan,Jalan
Raut,raut,Rout
Pk,pk
kumar karna,Kumar Karn
BEHL,BALA,Bahl,Behl,bala,Bali,Bal,Bale,Bala
Tripathi,tripathi,TRIPATHI
Keshri,Kishor,kishor,Kishore,kishore,Keshari
choudhary,Choudhury,Chaudhary,Choudhary,chaudhary,CHAUDHARY,chaudhury
Mahapatra,MOHAPATRA,mahapatra,Mohapatra
LAL,lal,Lali,Lal,LILA,lala
TYAGI,Tyagi,tyagi
Kaswan,kaswan
Sanke,sunku
sunku,Sanke
Singh Jadaun,Singh Jadon
Vinay,Vinny
Kapil,Kapila,kapila,Kuppili,Kapile
Singhal,singhal
bisht,Bisht
Bhaskar,Bhaskara
NDA,Naidu
bharti,Bharat,Bharati,Bharti
Pandey,PANDEY,Panday,pandey
Dubey,dubey,DUBEY
RAY,Roy,roy,ROY,Ray
manhar,manhor
Boben,Bubna,Babani,Biban
kolluru,Kalore,kularia
Nanda,Nandi
BAJPAI,bajpai,Bajpai
varshney,Varshnay,Varshney,VARSHNEY
Patni,Patani
Boral,Birla
rao,R,RAO,Rai,rai,RAI,Rao
Narula,narula,Nirala,Nirali,nirali
Jani,John,jena,jain,Jena,Jana,JAIN,Jain
sir,Suri,Sri,Sur,Sir
Sravani,Saravana,Sravan
BAGHEL,baghel,BAGHELE,Baghel
Chandola,Chandela,Chandel
lambu,Lamba,lamba,Loomba
Ross,Reis,Ras
charan,Chirania,Charan
Vashisath,Vashisth,vashisth,Vashistha
Arya,arya
Varshney,Varshnay,varshney,VARSHNEY
Nath,nath,NATH
Parasher,Parashari,prashar,Parashar,PARASHAR,PARASHRI,parashar
Charan,Chirania,charan
Baranwal,Barnwal
Swarnkar,swarnkar
Kumar Rai,KUMAR ROY,Kumar Ray
Sahni,Saini,sain,soni,Sonu,Soni,sen,Sen,SAINI,sahni,SONI,saini
Moideen,Madaan,madan,Madan
patel,Patil,Patle,PATEL,patul,Patel,patil
Bhowmik,Bhowmick
Dhingra,Dhangar,dhingra,DHINGRA
Raag,Ragu
KAUR,Kawre,Kori,Kaur,Kore,Kr,KEHRI,kaur,kori,Kar,kr,KR
Joneja,Juneja
Khandelia,khandelia
Chotia,Chutia
Kalani,Kahlon,Kalonia
Uttam,uttam
NAGAR,Nagar,nagar
Thakur,thakur,Thakare,Thakkar,THAKUR,Thakker,Thakore
Sonker,sunkara,Sankari,sankar,Sonkar
CHATURVEDI,chaturvedi,Chaturvedi
Karak,KARKI
Tanwar,Ttanwar,tanwar
Kunwar,Kanwar,kanwar
SINGH RANA,Singh Rana
das,DAS,Dass,DIAS,Das
Babu,babu,BABU
Rani,Raina,Rana,RANI,rana,rani
Khawle,Khola
nigam,NIGAM,Nigam
kesharwani,Kesharwani
kheni,khan,Khan,Khanna,KHAN
GAUTAM,Gauttam,Gautam,gautam
Hashmi,Hashim
sa,s,Sai,Sah,S,sah
swarnkar,Swarnkar
Loganathan,loganathan
Purwal,porwal,Porwal
PARVEEN,parveen,Parveen
anand,ANAND,Anand,Anant
mh,M
agrawal,Agrwal,Aggrawal,Agrawal
Chakraborty,Chakrabarty,chakraborty,CHAKRABORTY
MOHANTY,Mohanty
ROY,Roy,roy,RAY,Ray
GOYAL,Goyal,goyal
bondre,bandaru,Baindara
beri,Bohra,Baira,Barai,Boora,Barui,bora,Bora
tanwar,Ttanwar,Tanwar
Tej,Teja
Parveen,parveen,PARVEEN
vishnoi,VISHANOI,Vishnoi
Soni,Saini,sain,soni,Sonu,Sahni,sen,Sen,SAINI,sahni,SONI,saini
venkat,VENKAT,Venkat
Karan,Karna,Karn,KIRAN
Gore,gaur,Gaur,gora,GURU,GAUR,GOUR,gour,Gour
seikh,Sakh
Pande,Panda,pande,Pandoh
Chekuri,Chakra
Kumar Prajapati,kumar prajapat,Kumar prajapat
kookana,Kokane
Siva,Sv
SAHA,Saha,Sahu,SAHU,Sahoo,sahu,saha
d,D,De,Dua
kumar tiwari,Kumar Tiwari
SACHAN,sachan,Sachan,SACHIN
TEWARY,Tiwary,Tewary
Mantra,Mantri
mukherjee,MUKHERJEE,Mukherjee
KUSHWAH,Kushwah,kushwah
Rajpoot,Rajput,RAJPUT
batra,Batra
krishna,KRISHNA,Krishana,Krishan,Krishna,Krshnaa
Mand,Manda
MEHTA,mehta,Mehta,Matta,mehto,Mohta,Mehto,Mahto
Mann,Mane,maan,MANI,MEENA,Maan,Meena,Mani,meena,Man
Sorout,sorout,SARITA
Allam,Alam
Shankar Soni,shanker soni
mohan,MOHAN,Mohane,Mohan
kumari,Kumar,Kumari,kamar,kumar,KUMAR
Chakravarty,Chakravorty
MEENA,Mane,maan,MANI,Mann,Maan,Meena,Mani,meena,Man
Siddiqui,Siddique,siddiqua
SARAF,Sarraf,Saraf,sarraff
Chandana,Chandna,Chandani,chandan
Ragu,Raag
chakraborty,Chakrabarty,Chakraborty,CHAKRABORTY
SILVA,Silva
Karn,Karna,Karan,KIRAN
Rout,raut,Raut
Aran,Arun,Aureen
GAURAV,Gaurav,gaurav,Gourav
Chopra,chopra
JAISWAL,jaiswal,Jaiswal
kumar Mishra,Kumar Mishra,KUMAR MISHRA,kumar mishra
Midha,Madhu,Middha,middha
Suri,sir,Sri,Sur,Sir
Vohra,veer,vohra,Veer,Vora
Bhadoria,Bhadauria,Bhadouria,bhadauria,Bhadra
bajwa,Bajwa
Mohile,mahala,Mahala
KARKI,Karak
Baid,Boudh,Bedi,baid,bedi
saroj,Siraj,Suraj
Jawaid,Jawed
raman,Rahmani,Rahman,Rohman,rehman,Rehman
MOHAN,mohan,Mohane,Mohan
S K,S G
mehto,mehta,Mehta,Matta,MEHTA,Mohta,Mehto,Mahto
Rahul,Rehal,Rohilla,RUHELA
dawra,Durai,Deora,Dar
Kumar  yadav,Kumar Yadav,kumar yadav
Behl,BALA,Bahl,BEHL,bala,Bali,Bal,Bale,Bala
srivastava,SRIVASTAVA,SrivastaVa,srivastav,Srivastav,Srivastava,Srivasatava
Dabi,Deb
Dendukuri,Dindekar,Dandekar
maheshwari,Maheshwari
P,p,Pou,PA
SAWARN,Sawarn
sinha,Sinha,SINHA
bhaira,BHOR,Bhure
Singha,Sanghi
CHAKRABORTY,Chakrabarty,Chakraborty,chakraborty
Dinesh,Danish,danish
Nagar,NAGAR,nagar
LA,Lee,L
Nakka,Naik
K K,K k
porwal,Purwal,Porwal
vohra,veer,Vohra,Veer,Vora
Pawar,pawar
Shree,Shri,shree
KOLEKAR,Kalikeri,Kelkar,Kolkar,Kolekar
bala,BALA,Bahl,BEHL,Behl,Bali,Bal,Bale,Bala
PRIYA,priya,Priya
Kore,Kawre,Kori,Kaur,KAUR,Kr,KEHRI,kaur,kori,Kar,kr,KR
ArorA,Arora,arora
Md,Modi
kumar saini,Kumar Soni,Kumar Saini,Kumar Sen
BHUSHAN,Bhushan
gaurav,Gaurav,GAURAV,Gourav
yadav,Yadava,Yadav,YADAV
Mehra,mehra,Mor,MARU,more,Moura,Mir,More
Benji,Binju
rathaur,rathour,rathor,RATHORE,Rathore,Rathour,Rathor,rathore,Rathaur
Shukla,SHUKLA,shukla
Singla,SINGLA,Sengal,Singal,Sangole
Deol,Delu,dolia,Dalai,Dall
Bhasin,bhasin
Deora,Durai,dawra,Dar
Boora,Bohra,Baira,Barai,beri,Barui,bora,Bora
VERMA,varma,Varma,Verma,verma
Sv,Siva
TREE,Tr
KUMAR SHARMA,Kumar Sharma,Kumar sharma,kumar sharma
Maan,Mane,maan,MANI,Mann,MEENA,Meena,Mani,meena,Man
MALUKA,Milki,Mallik,MALIK,Mullick,Mallick,malik,Malik
Bothra,BOTHRA,Bothara
Kadam,kadam
Pujan,Pujani
Majumder,Majumdar
KUMAR GUPTA,Kumar Gupta
Gondi,Gandi,GOND
Kamal,Komal,Komali
Dutta,DATTA,dattu,Datta,Dutt,Datt
Kagde,Kogade,Kagdi
khare,Khera,Khari,Khare
Bagla,bagle
K k,K K
Punetha,Panth
Gulati,Gahlot
Solan,Saloni
dhami,dhamu,Dhama
SOUDI,Siddu,Sd,Sood,Sud
Suhania,Sahani
tyagi,Tyagi,TYAGI
tuluri,Tailor,Talera
SHANDILYA,Shandilya
Raja,Raj,RAJ,Raju,raj
gajjar,Gujjar,Gajera
Kasyap,kasyap
bhoj,Bhoj
Khanam,Khanum
FATEMA,Fatima
Punia,Poonia,punia
Kane,keni,Keen
Nigam,NIGAM,nigam
jaiswal,JAISWAL,Jaiswal
DEVI,Dave,Deva,Devi,devi,Dev
Varun,Virani,varun
Naga,Nag
SHAW,Shaw
Mali,Mall,Mulla,Melo,Mehla,MEHLA
Veer,veer,Vohra,vohra,Vora,VR
nayak,Nayak,NAYAK
Toor,Tawre,Tr,Tarei,Tora
Putri,Peter
kapila,Kapila,Kapil,Kuppili,Kapile
p,P,Pou,PA
DAN,dan
Hirani,Harini
THAKUR,thakur,Thakare,Thakkar,Thakur,Thakker,Thakore
Kr,Kori,Kaur,KAUR,Kore,kaur,kori,Kar,kr,KR
dhamu,dhami,Dhama
Reis,Ross,Ras
KUMAR VERMA,Kumar Verma
Rasheed,Rashid
Hossain,HUSSAIN,HOSSAIN,Hasan,hasan,Hussain,Hassan,hussain
Pandit,pandit,Pandita
GUILD,Guild
Raj Soni,Raj Singh
Bedi,Boudh,Baid,baid,bedi
buchcha,Buchcha
Gopale,Gopal
shaik,Shaik
bose,basa,BASU,Basu,Bose
Kashyap,KASHYAP,kashyap
MOHAPATRA,Mahapatra,mahapatra,Mohapatra
sethi,Sethi,Seth
SACHIN,sachan,Sachan,SACHAN
KUKNA,kukna,kookna
Misra,Misri
Muhammed,Mohammed,Mohammad,Mohamed
Jangir,JANGIR,jangir
dattu,DATTA,Dutta,Datta,Dutt,Datt
Mahajan,mahajan
Quraishi,Qureshi
Patwal,patwal
Kuhar,Kahar
Nandi,Nanda
Yadav,Yadava,yadav,YADAV
Kumar Tiwari,kumar tiwari
Jogi,Jaggi
kamar,Kumar,Kumari,kumari,kumar,KUMAR
khandelia,Khandelia
saran,Surana,Saran,Sareen
VENKAT,venkat,Venkat
Sharma,SHARMA,sharma
Mandre,Mundra,Mundhra
ZAIDI,Zaidi,Zade
kanojia,Kanoujia
Marumamula,marumamula
Maitra,mitra,MITRA,Mitra
anjali,Anjali
Bothara,BOTHRA,Bothra
saxeena,SAXENA,saxena,Saxena
Chhokra,Chhikara,Chhoker
Qureshi,Quraishi
bhasin,Bhasin
Vijay,vijay
gangwar,GANGWAR,Gangwar
kurele,kureel
Zishan,Zeeshan
baid,Boudh,Baid,Bedi,bedi
Sood,Siddu,Sd,SOUDI,Sud
Jaggi,Jogi
k,K
VijayVargiya,Vijjayvargiya
Keshari,Kishor,kishor,Kishore,kishore,Keshri
koshal,kaushal,Kaushal
Kushwaha,Kushawaha,kushawaha,kushwaha
Devi,Dave,Deva,DEVI,devi,Dev
Mohta,mehta,Mehta,Matta,MEHTA,mehto,Mehto,Mahto
MITRA,mitra,Maitra,Mitra
Mohanty,MOHANTY
Mehndiratta,Mendiratta
Ahuja,ahuja
Thakker,thakur,Thakare,Thakkar,Thakur,THAKUR,Thakore
Keshav,kashive
Nayar,Nayyar
dey,Dey
Kazim,Kazmi,KAZMI
BHARDWAJ,bhardwaj,Bhardwaj
MARU,mehra,Mor,Mehra,more,Moura,Mir,More
Guild,GUILD
SHUKLA,Shukla,shukla
Gune,Guin
Kalonia,Kahlon,Kalani
SrivastaVa,SRIVASTAVA,srivastava,srivastav,Srivastav,Srivastava,Srivasatava
Metha,Methi,Muth
Sailaja,Saluja,saluja
chatterjee,Chatterjee
Kumar Deb,Kumar Dubey,kumar dubey
Kohli,kale,Kale,Kaul,kolli,Kolli,Kalia
BHOR,bhaira,Bhure
Bajpai,bajpai,BAJPAI
Kumar Agrawal,Kumar Agarwal,Kumar Aggarwal
Goyat,goyat
patwal,Patwal
arya,Arya
Nasim,Naseem
Chand,Chanda
Barui,Bohra,Baira,Barai,beri,Boora,bora,Bora
Singh rajput,Singh Rajput,singh rajput
Pal,PAUL,pal,Paul
meher,Mahaur,Mahore
TRIPATHI,tripathi,Tripathi
Madhu,Midha,Middha,middha
Maragoni,murugan
Dhupar,Dhuper
bhardwaj,BHARDWAJ,Bhardwaj
Kumar Shukla,kumar shukla
Jawed,Jawaid
Karwasra,Karwasara
Vinny,Vinay
DIAS,DAS,Dass,das,Das
Venkat,venkat,VENKAT
Samala,Samuel
Pratik,Prateek
vishwakarma,Vishwakarma
Ji,Jee,Jai,J
Barnwal,Baranwal
Dangi,Dange,dangi
Mohane,mohan,MOHAN,Mohan
Arun,Aran,Aureen
Mullick,Mallik,MALIK,MALUKA,Mallick,malik,Malik
Bisht,bisht
rastogi,Rastogi
SINDHI,sandhu,Sandhu
Kolkar,Kalikeri,Kelkar,KOLEKAR,Kolekar
sen,Saini,sain,soni,Sonu,Sahni,Soni,Sen,SAINI,sahni,SONI,saini
Meena,Mane,maan,MANI,Mann,MEENA,Maan,Mani,meena,Man
Baindara,bandaru,bondre
Rajwade,RAJWADE
lakhotia,Lakhotia
Chakrabarti,chakrabarti
Kumar singh,kumar singh,KUMAR SINGH,Kumar Singh
Dumane,Damania
Jadhava,jadhav,Jadhav
Mahala,mahala,Mohile
Dhankhar,Dhankher
Pamnani,pamnani
Majumdar,Majumder
upadhyay,Upadhyay,UPADHYAY
Ahmed,Ahmad,AHMAD,ahmed,ahmad
Narayan,Narayana
Ashu,Ash,Ashia
kudale,KODELA
Katiyar,katiyar
Mulla,Mall,Mali,Melo,Mehla,MEHLA
Bhure,bhaira,BHOR
Datta,DATTA,Dutta,dattu,Dutt,Datt
AGARWAL,aggarwal,Agrwal,Agarwal,Agarwala,Aggarwal,agarwal
Chawla,Challa,Chaulia
Ghosh,ghosh,GHOSH
Somani,Suman
Kokane,kookana
Parimal,Parimala
garrey,Gorey
Sree,Sri
Chandel,Chandela,Chandola
Kushawaha,Kushwaha,kushawaha,kushwaha
Lakhotia,lakhotia
Rahman,Rahmani,raman,Rohman,rehman,Rehman
more,mehra,Mor,Mehra,MARU,Moura,Mir,More
Kagdi,Kogade,Kagde
Kumar Jha,Kumar jha,kumar jha,Kumari Jha
Singh,singh,SINGH
chauhan,Chouhan,CHAUHAN,Chauhan,chouhan
Middha,Midha,Madhu,middha
D,d,De,Dua
YADAV,Yadava,yadav,Yadav
MUKHERJEE,mukherjee,Mukherjee
Raturi,Ratra
awasthi,Awasthi
bora,Bohra,Baira,Barai,beri,Boora,Barui,Bora
Sofia,Saifi,saifi
mourya,Mourya,maurya,Mariya,Maurya
Beniwal,beniwal,baniwal
bhat,bhatt,Bhatt,Bhati,Bhat
Baliyan,Balayan,Baliyen
Mannar,Menaria
Bhagat,bhagat,BHAGAT
Singh Rathore,SINGH RATHORE
S,s,Sai,Sah,sa,sah
PRASAD,Prasad,prasad
Gangwar,GANGWAR,gangwar
Dutt,DATTA,Dutta,dattu,Datta,Datt
NATH,nath,Nath
sodha,Sidhu,sudha
Bhardwaj,BHARDWAJ,bhardwaj
Panday,PANDEY,Pandey,pandey
bhole,Bhalla
Academy,ACADEMY
Bhadoriya,bhadoriya,Bhadouriya,Bhadauriya
Shoaib,Shibu
kureel,kurele
Menaria,Mannar
Deb,Dabi
Khola,Khawle
Andrews,ANDREWS
kumar s,Kumar S
SADANA,Sadana
Joy,Jee
Gahlot,Gulati
devi,Dave,Deva,DEVI,Devi,Dev
Firdaus,firdaus
Parimala,Parimal
Lali,lal,LAL,Lal,LILA,lala
Dindekar,Dendukuri,Dandekar
Nain,nain
Mitra,mitra,Maitra,MITRA
Mani,Mane,maan,MANI,Mann,MEENA,Maan,Meena,meena,Man
Shahidi,Shahid,Shahade
Rohman,Rahmani,raman,Rahman,rehman,Rehman
Gupta,gupta,GUPTA
Goenka,Gunaki
kushawaha,Kushwaha,Kushawaha,kushwaha
Sen,Saini,sain,soni,Sonu,Sahni,Soni,sen,SAINI,sahni,SONI,saini
Vashishtha,vashishtha
GURJAR,Gurjar
Momin,Memon
Animesh,anamsha
Kuppili,Kapila,Kapil,kapila,Kapile
Rathee,rathi,Rath,Rathi,RATHEE,Ruth
Shrivastava,shrivastava,Shrivastav
Udani,Uddin,UDDIN
Naidu,NDA
kularia,Kalore,kolluru,kalra,Kalra
Vaswani,Viswan
BHAGAT,bhagat,Bhagat
Qamar,Quamar
Bhadouria,Bhadauria,Bhadoria,bhadauria,Bhadra
Vora,veer,Vohra,vohra,Veer,VR
Gautam,Gauttam,GAUTAM,gautam
Sagar,SAGAR,saguru,sagar
BABAL,Babel
Rajput,Rajpoot,RAJPUT
Vyas,vyas
Mehtani,Matani
Bilal,Ballal
GURU,gaur,Gaur,gora,Gore,GAUR,GOUR,gour,Gour
Purohit,PUROHIT
Manudhane,Mandhan
karare,Kirar
deepi,dip,Deopa
Nirali,narula,Nirala,Narula,nirali
Vidyarthi,vidyarthi
Rajaram,rajaram
JANGIR,Jangir,jangir
Gulia,Gole,goel,Gali,Goli,Goel
Chhikara,Chhokra,Chhoker
KEHRI,Kawre,Kori,Kaur,KAUR,Kore,kaur,kori,Kar
Saraf,Sarraf,SARAF,sarraff
Hashim,Hashmi
Ghazal,Ghosal
Krishan,KRISHNA,Krishana,krishna,Krishna
ASHISH,Ashish
Saluja,Sailaja,saluja
Prakash,prakash
Aureen,Aran,Arun
Lav,Live,Leuva
Saran,Surana,saran,Sareen
reddy,REDDY,Reddy
Dagur,Dogra,Dagar
SINGH RATHORE,Singh Rathore
Kundaragi,kundaragi
Karwasara,Karwasra
Priya,priya,PRIYA
Basit,Bist,Basta
Raghav,Raghava
VR,veer,Veer,Vora
Gopan,gopani
R D,RAO D
jangir,Jangir,JANGIR
Shahade,Shahid,Shahidi
BISWAS,Biswas
middha,Midha,Madhu,Middha
RAJPUT,Rajpoot,Rajput
Malani,Mulani
Remesh,Ramesh
Bhati,bhatt,Bhatt,bhat,Bhat
dwivedi,Dwivedi,DWIVEDI
danish,Danish,Dinesh
Sri,sir,Suri,Sree,Sur,Sir
Jolly,jolly
RATHEE,rathi,Rath,Rathi,Rathee,Ruth
Bhushan,BHUSHAN
Komali,Komal,Kamal
rehman,Rahmani,raman,Rahman,Rohman,Rehman
Shibu,Shoaib
Mehto,mehta,Mehta,Matta,MEHTA,mehto,Mohta,Mahto
Jena,John,jena,jain,Jani,Jana,JAIN,Jain
Saravana,Sravani,Sravan
GOND,Gandi,Gondi
shukla,Shukla,SHUKLA
Sarikar,Sarkar
bhadauria,Bhadauria,Bhadoria,Bhadouria,Bhadra
Kadyan,kadiyan
KUMAR BHARTI,kumar bharti
Pratap,pratap
Kumar Dubey,Kumar Deb,kumar dubey
Chourasia,Chaurasia,CHOURASIA
PATHAK,pathak,Pathak
Mallick,Mallik,MALIK,MALUKA,Mullick,malik,Malik
Chhoker,Chhokra,Chhikara
Tailor,tuluri,Talera
K,k
SAINI,Saini,sain,soni,Sonu,Sahni,Soni,sen,Sen,sahni,SONI,saini
Kumar prajapat,kumar prajapat,Kumar Prajapati
De,d,D,Dua
Tapare,Topre
Pou,P,p,PA
Buchcha,buchcha
kalra,Kalore,kularia,Kalra
pratap Singh,pratap singh,Pratap Singh,Pratap singh
parihari,Parihar,Parihari
Dholani,dhillon,Dhillon
Kumar Gautam,kumar gautam
Roshni,Roshan
Dua,d,D,De
Hassan,HUSSAIN,HOSSAIN,Hasan,hasan,Hussain,Hossain,hussain
Sirohi,Siroha
patidar,PATIDAR,Patidar
Sheikh,sheikh,Shaikh
kumar,Kumar,Kumari,kumari,kamar,KUMAR
srivastav,SRIVASTAVA,srivastava,SrivastaVa,Srivastav,Srivastava,Srivasatava
Samanta,Sumanto
Jatain,Jitani
Virani,Varun,varun
SIKARWAR,sikarwar,Sikarwar
PARASHAR,Parashari,prashar,Parashar,Parasher,PARASHRI,parashar
SINGLA,Singla,Sengal,Singal,Sangole
prajapati,prajapat,PRAJAPATI,Prajapati
Naseem,Nasim
Kolekar,Kalikeri,Kelkar,KOLEKAR,Kolkar
Mohan,mohan,MOHAN,Mohane
PONNADA,Ponnada
Dalai,Delu,dolia,Deol,Dall
prakash,Prakash
Mangal,Mangla
Deopa,dip,deepi
ramachandran,Ramachandran
Dasani,Dasan,Dusane
hada,Hada,Huda,heda
junior,Junior
murugan,Maragoni
Ashish,ASHISH
Tak,tak
Thakore,thakur,Thakare,Thakkar,Thakur,THAKUR,Thakker
sheth,Sheth
Dhuper,Dhupar
Mohindroo,Mahindru
Mandhan,Manudhane
Pratap singh,pratap singh,Pratap Singh,pratap Singh
Rawal,rawal
Sravan,Sravani,Saravana
Mittal,Mitali,mittal
DANGAR,dongare
Mistry,Mistrey
kolli,kale,Kale,Kaul,Kohli,Kolli,Kalia
BASU,basa,bose,Basu,Bose
Satapathy,SATAPATHY
narang,Narang
bhatia,Bhatia,Bhutia
Oliver,Oliveira
shankar,Shankar,SHANKAR
Chakravorty,Chakravarty
mahapatra,Mahapatra,MOHAPATRA,Mohapatra
Keen,keni,Kane
gautam,Gauttam,GAUTAM,Gautam
gandhi,Gandhi
Kumar Soni,kumar saini,Kumar Saini,Kumar Sen
Kandoi,kindo,Kanodia,kanodia,Kundu
BEGUM,Begum
Mundra,Mandre,Mundhra
Lamba,lambu,lamba,Loomba
kaur,Kawre,Kori,Kaur,KAUR,Kore,Kr,KEHRI,kori,Kar,kr,KR
Sandeep,SANDIP
chhillar,Chhillar
GAUR,gaur,Gaur,gora,Gore,GURU,GOUR,gour,Gour
Singh Chouhan,Singh Chauhan
Badru,BADAR,badar
Sheth,sheth
n v,N V
vikash,Vikash
BABU,babu,Babu
KOSARI,kasera,Kausar
kori,Kawre,Kori,Kaur,KAUR,Kore,Kr,KEHRI,kaur,Kar,kr,KR
Gajera,Gujjar,gajjar
MATHS,Maths
Sengal,Singla,SINGLA,Singal,Sangole
Kumar Yadav,Kumar  yadav,kumar yadav
Awasthi,awasthi
Gorey,garrey
Kapile,Kapila,Kapil,kapila,Kuppili
Ras,Ross,Reis
Chourasiya,chaurasiya
Tora,Tawre,Tr,Tarei,Toor
Sahoo,Saha,Sahu,SAHU,SAHA,sahu,saha
Varma,varma,VERMA,Verma,verma
kumar yadav,Kumar  yadav,Kumar Yadav
Dhangar,Dhingra,dhingra,DHINGRA
Silva,SILVA
Kumar Agarwal,Kumar Agrawal,Kumar Aggarwal
Shri,Shree,shree
Huda,Hada,hada,heda
Bhattacharjee,BHATTACHARJEE
goyat,Goyat
bajaj,Bajaj
Rana,Raina,Rani,RANI,rana,rani
Singh Jadon,Singh Jadaun
Junior,junior
Balodia,Balodi
saguru,SAGAR,Sagar,sagar
Sayyad,Sayyed
singh rajput,Singh Rajput,Singh rajput
pamnani,Pamnani
Mohamed,Mohammed,Mohammad,Muhammed
Verma,varma,VERMA,Varma,verma
baghel,BAGHEL,BAGHELE,Baghel
Ruth,rathi,Rath,Rathi,Rathee,RATHEE
BADAR,Badru,badar
saxena,SAXENA,saxeena,Saxena
Basu,basa,bose,BASU,Bose
RAM,Ram,Romeo,ram
Mangla,Mangal
Kumar Aggarwal,Kumar Agrawal,Kumar Agarwal
Kirar,karare
NAYAK,Nayak,nayak
Garg,garg,GARG
Shekhawat,shekhawat
Patel,Patil,Patle,PATEL,patul,patel,patil
Malhotra,malhotra
saraswat,Saraswat
pk,Pk
firdaus,Firdaus
Biban,Bubna,Babani,Boben
chayal,Chayal
heda,Hada,hada,Huda
ATUL,Atal,Ataullah
Lal,lal,LAL,Lali,LILA,lala
Gopal,Gopale
kulkarni,Kulakarni,Kulkarni
Bhat,bhatt,Bhatt,bhat,Bhati
Gade,GUDDU
hussain,HUSSAIN,HOSSAIN,Hasan,hasan,Hussain,Hossain,Hassan
Nasr,NASIR
lamba,lambu,Lamba,Loomba
Chutia,Chotia
DWIVEDI,Dwivedi,dwivedi
Pandita,pandit,Pandit
Rehal,Rahul,Rohilla,RUHELA
Pathak,pathak,PATHAK
Banerjee,benerji
Mantri,Mantra
kumar sharma,Kumar Sharma,Kumar sharma,KUMAR SHARMA
Kumar Saini,kumar saini,Kumar Soni,Kumar Sen
Hande,Handoo
Bali,BALA,Bahl,BEHL,Behl,bala,Bal,Bale,Bala
Sk,SK,sk
malik,Milki,Mallik,MALIK,MALUKA,Mullick,Mallick,Malik
patil,Patil,Patle,PATEL,patul,patel,Patel
Jha,jha
Jalan,jalan
RAJ,Raj,Raja,Raju,raj
Sareen,Surana,saran,Saran
Kumar Singh,kumar singh,KUMAR SINGH,Kumar singh
Umar,Umira
LILA,lal,LAL,Lali,Lal,lala
Begum,BEGUM
Samota,Smita
sarraff,Sarraf,SARAF,Saraf
SINGH,singh,Singh
kushwaha,Kushwaha,Kushawaha,kushawaha
bhatnagar,Bhatnagar
Suman,Somani
Bal,BALA,Bahl,BEHL,Behl,bala,Bali,Bale,Bala
RANI,Raina,Rani,Rana,rana,rani
jonwal,Jonwal
Peter,Putri
Kumar Sahoo,kumar saha,Kumar Sahu
Anand,ANAND,anand,Anant
RAJESH,Rajesh
Tiwary,TEWARY,Tewary
Manekar,Mankar
meena,Mane,maan,MANI,Mann,MEENA,Maan,Meena,Mani,Man
loganathan,Loganathan
Balayan,Baliyan,Baliyen
Harini,Hirani
Poonia,Punia,punia
faridi,Farid
Shankar,shankar,SHANKAR
Ataullah,Atal,ATUL
RANJAN,Ranjan,ranjan
khandelwal,Khandelwal,KHANDELWAL
Sur,sir,Suri,Sri,Sir
Narayana,Narayan
Ujjwal,Ujjawal
Dar,Durai,dawra,Deora
kasyap,Kasyap
Oliveira,Oliver
Kesharwani,kesharwani
Bhandari,Bhinder,Bhandare
Man,Mane,maan,MANI,Mann,MEENA,Maan,Meena,Mani,meena
Melo,Mall,Mali,Mulla,Mehla,MEHLA
vijay,Vijay
saluja,Sailaja,Saluja
Dhande,DHANDA
Rai,R,RAO,rao,rai,RAI,Rao
PARASHRI,Parashari,Parashar,Parasher,PARASHAR,parashar
Panda,Pande,pande,Pandoh
Jadhav,jadhav,Jadhava
nain,Nain
Gourav,Gaurav,GAURAV,gaurav
goyal,Goyal,GOYAL
KV,Kavia,Kv
KAZMI,Kazmi,Kazim
Raju,Raj,Raja,RAJ,raj
PATIDAR,patidar,Patidar
Kar,Kawre,Kori,Kaur,KAUR,Kore,Kr,KEHRI,kaur,kori,kr,KR
Biswas,BISWAS
rai,R,RAO,rao,Rai,RAI,Rao
Solanke,solanki,Solanki
GODARA,Godara
rana,Raina,Rani,Rana,RANI,rani
KHODRE,Khader
panchal,Panchal
JOSHI,joshi,Joshi
vashisth,Vashisth,Vashisath,Vashistha
Kumar Maurya,kumar maurya
Kanoujia,kanojia
BAGHELE,BAGHEL,baghel,Baghel
Dall,Delu,dolia,Deol,Dalai
Bajwa,bajwa
DHAKAR,dhakar
kumar gautam,Kumar Gautam
Paul,PAUL,pal,Pal
Kundu,kindo,Kanodia,kanodia,Kandoi
M,mh
lohia,Lohia
Jindal,Jandial,jindal
sankar,sunkara,Sankari,Sonker,Sonkar
Lathia,Lathi
kumar dubey,Kumar Deb,Kumar Dubey
sagar,SAGAR,Sagar,saguru
Rehman,Rahmani,raman,Rahman,Rohman,rehman
Pahwa,pahwa
GHOSH,ghosh,Ghosh
Bhadauriya,bhadoriya,Bhadouriya,Bhadoriya
Juneja,Joneja
Tewari,TIWARI,Tiwari,tiwari
CHOURASIA,Chaurasia,Chourasia
Matani,Mehtani
Mondal,MANDAL,Mandal,Mandloi
Kwatra,Kawatra
Sumanto,Samanta
PUROHIT,Purohit
Kumar Patel,Kumar patel
Bharati,Bharat,bharti,Bharti
GARG,garg,Garg
chopra,Chopra
KUMAR MISHRA,Kumar Mishra,kumar Mishra,kumar mishra
Pujani,Pujan
Jana,John,jena,jain,Jani,Jena,JAIN,Jain
sahu,Saha,Sahu,SAHU,SAHA,Sahoo,saha
syed,Syed
KUMAR,Kumar,Kumari,kumari,kamar,kumar
Pj,PJ
SanSaniwal,Sansaniwal
Krishna,KRISHNA,Krishana,krishna,Krishan,Krshnaa
Handoo,Hande
Rajan,Rajani
Sud,Siddu,Sd,SOUDI,Sood
Pachar,Pachauri,PACHAR
Rawat,rawat,RAWAT
Gandotra,gandotra
Bora,Bohra,Baira,Barai,beri,Boora,Barui,bora
Mahore,Mahaur,meher
Shaikh,sheikh,Sheikh
Agrawal,Agrwal,Aggrawal,agrawal
prasad,Prasad,PRASAD
Rohilla,Rahul,Rehal,RUHELA
Panchal,panchal
Sonkar,sunkara,Sankari,Sonker,sankar
Pachauri,Pachar,PACHAR
Kahar,Kuhar
parashar,Parashari,prashar,Parashar,Parasher,PARASHAR,PARASHRI
Sinha,sinha,SINHA
RAWAT,rawat,Rawat
kr,Kori,Kaur,KAUR,Kore,Kr,kaur,kori,Kar,KR
selvaraj,Selvaraj
GOUR,gaur,Gaur,gora,Gore,GURU,GAUR,gour,Gour
Naaz,NS,naz
Agarwala,aggarwal,Agrwal,Agarwal,AGARWAL,Aggarwal,agarwal
Patnaik,Pattnaik
CHAUDHARY,Choudhury,Chaudhary,Choudhary,chaudhary,choudhary,chaudhury
KUMAR GAUR,KUMAR KORI
Joshi,joshi,JOSHI
Bose,basa,bose,BASU,Basu
Bale,BALA,Bahl,BEHL,Behl,bala,Bali,Bal,Bala
Chakra,Chekuri
Mahindru,Mohindroo
Dandekar,Dendukuri,Dindekar
Tivari,tivari
Loomba,lambu,Lamba,lamba
KR,Kori,Kaur,KAUR,Kore,Kr,kaur,kori,Kar,kr
dhingra,Dhingra,Dhangar,DHINGRA
RATHORE,rathour,rathor,rathaur,Rathore,Rathour,Rathor,rathore,Rathaur
chaurasiya,Chourasiya
Kolli,kale,Kale,Kaul,Kohli,kolli,Kalia
SANDIP,Sandeep
Kumar Karn,kumar karna
Rathore,rathour,rathor,rathaur,RATHORE,Rathour,Rathor,rathore,Rathaur
kumar jain,Kumar Jain
sharma,SHARMA,Sharma
raj,Raj,Raja,RAJ,Raju
PURI,PR,Peer,Pour,Puri
Anshu,Ansh
JAIN,John,jena,jain,Jani,Jena,Jana,Jain
prince,Prince
N V,n v
Kothari,Kathuria,KATHURIA
Khanna,khan,Khan,kheni,KHAN
Shekhar,shekhar,Shikhar
Dhama,dhami,dhamu
Srivastav,SRIVASTAVA,srivastava,SrivastaVa,srivastav,Srivastava,Srivasatava
Kaushal,kaushal,koshal
saifi,Saifi,Sofia
ahmed,Ahmad,AHMAD,Ahmed,ahmad
Kaushik,kaushik
Narang,narang
Porwal,Purwal,porwal
Khatana,Khetan
Nagaraja,Nagaraj,NAGARAJU
Mistrey,Mistry
Pour,PR,Peer,PURI,Puri
Choudhry,Chaudhry,chaudhry
rajaram,Rajaram
Imam,imam
Akhter,Akhtar
palliwal,Paliwal
Moura,mehra,Mor,Mehra,MARU,more,Mir,More
Solanki,solanki,Solanke
RASIK,Razak
Mankar,Manekar
Dhir,Dhar,Dharia
Naveen,Navin
Baghel,BAGHEL,baghel,BAGHELE
Venkatesh,Venkitesh
Chaulia,Challa,Chawla
RAI,R,RAO,rao,Rai,rai,Rao
Farid,faridi
Aggarwal,aggarwal,Agarwal,AGARWAL,Agarwala,agarwal
Das,DAS,Dass,das,DIAS
Mehla,Mall,Mali,Mulla,Melo,MEHLA
Rathour,rathour,rathor,rathaur,RATHORE,Rathore,Rathor,rathore,Rathaur
Rathor,rathour,rathor,rathaur,RATHORE,Rathore,Rathour,rathore,Rathaur
Sachdev,sachdeva,Sachdeva
mittal,Mitali,Mittal
dalal,Dalal
Thota,Thote
SARITA,sorout,Sorout
Pattnaik,Patnaik
MENON,menon,Menon
sah,s,Sai,Sah,sa,S
Mir,mehra,Mor,Mehra,MARU,more,Moura,More
Vashistha,Vashisth,Vashisath,vashisth
Dev,Dave,Deva,DEVI,Devi,devi
DHANDA,Dhande
Singal,Singla,SINGLA,Sengal,Sangole
KUMAR KORI,KUMAR GAUR
Dharia,Dhar,Dhir
Kumar Pandey,KUMAR PANDEY,kumar Pandey,kumar pandey
pandey,PANDEY,Pandey,Panday
Mudgal,mudgal
DUBEY,dubey,Dubey
Singh Chauhan,Singh Chouhan
Lahiri,Laheri
gour,gaur,Gaur,gora,Gore,GURU,GAUR,GOUR,Gour
verma,varma,VERMA,Varma,Verma
PJ,Pj
Dhillon,dhillon,Dholani
Vats,Vatsa,vats
Sarkar,Sarikar
dongare,DANGAR
Mathur,mathur
Kalra,Kalore,kularia,kalra
sudha,Sidhu,sodha
Krshnaa,KRISHNA,krishna,Krishna
bedi,Boudh,Baid,Bedi,baid
kaswan,Kaswan
Alli,Ali
Ujjawal,Ujjwal
KHURANA,Khurana,khairrun
Patidar,patidar,PATIDAR
Mundhra,Mandre,Mundra
shekhawat,Shekhawat
Chayal,chayal
Anjali,anjali
Mahto,mehta,Mehta,Matta,MEHTA,mehto,Mohta,Mehto
Katare,Kataria
S G,S K
Rajvir,Rajveer
Pradhan,pradhan
jindal,Jandial,Jindal
Khokhar,khokhar
KHAN,khan,Khan,kheni,Khanna
tivari,Tivari
prabha,Prabhu
Bala,BALA,Bahl,BEHL,Behl,bala,Bali,Bal,Bale
tak,Tak
Kumar Gupta,KUMAR GUPTA
Rao,R,RAO,rao,Rai,rai,RAI
kanwar,Kanwar,Kunwar
nirali,narula,Nirala,Narula,Nirali
khokhar,Khokhar
BHATTACHARJEE,Bhattacharjee
Pujari,Pujara
Baliyen,Baliyan,Balayan
uttam,Uttam
Bhadra,Bhadauria,Bhadoria,Bhadouria,bhadauria
sahni,Saini,sain,soni,Sonu,Sahni,Soni,sen,Sen,SAINI,SONI,saini
NAGARAJU,Nagaraj,Nagaraja
Kapoor,kapoor,Kapur
shakya,Shakya
Vaishnavi,Vaishnav
Sir,sir,Suri,Sri,Sur
Akhtar,Akhter
Podder,Poddar
hussain qureshi,Hussain Qureshi
DHINGRA,Dhingra,Dhangar,dhingra
MEHLA,Mall,Mali,Mulla,Melo,Mehla
Mukherjee,mukherjee,MUKHERJEE
ACADEMY,Academy
GIRI,Gera,Giri,giri
Bhandare,Bhinder,Bhandari
Quamar,Qamar
Ratra,Raturi
PA,P,p,Pou
ahmad,Ahmad,AHMAD,Ahmed,ahmed
Gour,gaur,Gaur,gora,Gore,GURU,GAUR,GOUR,gour
Mohapatra,Mahapatra,MOHAPATRA,mahapatra
Sultan,Sultana
shree,Shree,Shri
kumar mishra,Kumar Mishra,kumar Mishra,KUMAR MISHRA
Shirin,Sheoran,Sharan
Goli,Gole,goel,Gali,Gulia,Goel
Kv,Kavia,KV
agarwal,aggarwal,Agrwal,Agarwal,AGARWAL,Agarwala,Aggarwal
J,Jee,Jai,Ji
jyani,Jayani
Misri,Misra
Nayyar,Nayar
Jain,John,jena,jain,Jani,Jena,Jana,JAIN
SINHA,sinha,Sinha
Chowdhary,Chowdhury,chowdhury,chowdhary
Birla,Boral
Pareek,pareek
KHATRI,Khatri
KIRAN,Karna,Karan,Karn
Kumar Jain,kumar jain
Tewary,TEWARY,Tiwary
rathore,rathour,rathor,rathaur,RATHORE,Rathore,Rathour,Rathor,Rathaur
Laheri,Lahiri
Rathaur,rathour,rathor,rathaur,RATHORE,Rathore,Rathour,Rathor,rathore
VARSHNEY,Varshnay,varshney,Varshney
Saxena,SAXENA,saxeena,saxena
Ray,Roy,roy,RAY,ROY
manhor,manhar
Shaw,SHAW
Vaishya,vaishya
lala,lal,LAL,Lali,Lal,LILA
Sayyed,Sayyad
Bihari,Behera
Bairwa,bairwa
chaudhury,Choudhury,Chaudhary,Choudhary,chaudhary,choudhary,CHAUDHARY
Srivastava,SRIVASTAVA,srivastava,SrivastaVa,srivastav,Srivastav,Srivasatava
Bhutani,bhutani
saha,Saha,Sahu,SAHU,SAHA,Sahoo,sahu
Puri,PR,Peer,PURI,Pour
Bhattacharyya,Bhattacharya
Bhattacharya,Bhattacharyya
NASIR,Nazir,Nasr
Kumar patel,Kumar Patel
barse,Borse
Basta,Bist,Basit
Bishnoi,bishnoi
giri,Gera,Giri,GIRI
Kumar Sen,kumar saini,Kumar Soni,Kumar Saini
SONI,Saini,sain,soni,Sonu,Sahni,Soni,sen,Sen,SAINI,sahni,saini
dhaka,Dhaka
kumar pandey,KUMAR PANDEY,kumar Pandey,Kumar Pandey
Singh K,Singh G
Mohd,Mehdi,Modi
Lohia,lohia
Talera,tuluri,Tailor
Bhowmick,Bhowmik
Srivasatava,SRIVASTAVA,srivastava,SrivastaVa,srivastav,Srivastav,Srivastava
Vaishnav,Vaishnavi
Kalia,kale,Kale,Kaul,Kohli,kolli,Kolli
Noori,Nehraa,Nair,Nehra
GAIKWAD,Gaikwad
rani,Raina,Rani,Rana,RANI,rana
Madan,Madaan,madan,Moideen
Kumari Jha,Kumar jha,kumar jha,Kumar Jha
Alam,Allam
Anant,ANAND,anand,Anand
Jaiswal,JAISWAL,jaiswal
punia,Punia,Poonia
nagar,NAGAR,Nagar
Dusane,Dasan,Dasani
RUHELA,Rahul,Rehal,Rohilla
Bhutia,Bhatia,bhatia
SHANKAR,shankar,Shankar
Sabu,Saboo
pande,Pande,Panda,Pandoh
Malik,Milki,Mallik,MALIK,MALUKA,Mullick,Mallick,malik
dhakar,DHAKAR
More,mehra,Mor,Mehra,MARU,more,Moura,Mir
vaishya,Vaishya
Rashid,Rasheed
Sadana,SADANA
Ballal,Bilal
Sangole,Singla,SINGLA,Sengal,Singal
Zohra,zohra,zara
chaudhry,Chaudhry,Choudhry
varun,Varun,Virani
Dixit,dixit
L,Lee,LA
kundaragi,Kundaragi
Shah,shah,Sha,Sh
vats,Vatsa,Vats
badar,Badru,BADAR
Pandoh,Pande,Panda,pande
Reshmaa,Risham
kushwah,Kushwah,KUSHWAH
Sharan,Sheoran,Shirin
pareek,Pareek
Ramesh,Remesh
saini,Saini,sain,soni,Sonu,Sahni,Soni,sen,Sen,SAINI,sahni,SONI
Vishnoi,VISHANOI,vishnoi
PACHAR,Pachar,Pachauri
Datt,DATTA,Dutta,dattu,Datta,Dutt
Prajapati,prajapat,PRAJAPATI,prajapati
Bhaskara,Bhaskar
Singh G,Singh K
Bharti,Bharat,bharti,Bharati
UDDIN,Uddin,Udani
GUDDU,Gade
Chincholi,chanchal,chincholi
Birhmaan,Barman
chowdhary,Chowdhury,chowdhury,Chowdhary
Goel,Gole,goel,Gali,Gulia,Goli
Chaturvedi,chaturvedi,CHATURVEDI
Rastogi,rastogi
